Side,Carry,Club
-1.7476329573088378,10.503624675389684,1E 60 deg
-2.4604473711610786,13.840855688281518,1E 60 deg
-0.8542217537556136,9.912805241821417,1E 60 deg
-0.7538495251042666,13.63542525744624,1E 60 deg
-0.36651205450921664,17.857821656909266,1E 60 deg
-1.2856218945640694,17.02301089302716,1E 60 deg
-0.8056200443616134,14.41617753916869,1E 60 deg
-0.7191229936438612,15.69332732472192,1E 60 deg
-1.1204515141556575,11.486180237760212,1E 60 deg
0.2148959054363372,16.05035384789458,1E 60 deg
1.2839001855199403,27.53668517169163,1E 60 deg
-0.2739469923792793,13.89410443396876,1E 60 deg
-0.8171903310488889,8.265596184990452,1E 60 deg
-0.0561633531447418,17.191665266152885,1E 60 deg
-2.328893459566632,11.556553082008138,1E 60 deg
-0.5356303403912791,16.836917809852153,1E 60 deg
1.90157264399283,20.629102620984206,1E 60 deg
-0.0054476518363612,18.787534355839842,1E 60 deg
-1.9158857230318111,12.712154349008479,1E 60 deg
0.3469718617690173,18.881723511401123,1E 60 deg
1.6260591885919156,21.336761565747956,1E 60 deg
-0.2595306491423728,24.37509545704111,1E 60 deg
0.5335797298749746,19.345345753849678,1E 60 deg
0.22982860535337962,22.43335059366418,1E 60 deg
1.19593778517243,23.723542466546363,1E 60 deg
0.23928557608837453,20.97432612849027,1E 60 deg
1.0575548073602232,19.251102192428252,1E 60 deg
-0.43480104940252967,17.56470686471961,1E 60 deg
-0.4165522969880772,17.17506274962669,1E 60 deg
0.5732117764062518,19.84628376247071,1E 60 deg
1.7566653218757013,28.40607313012576,1Q 60 deg
3.5741073773056944,28.233009637445882,1Q 60 deg
0.5089879169566369,25.325537951150615,1Q 60 deg
2.2541558704987565,32.262728010241666,1Q 60 deg
1.6325539265737252,29.456068209165675,1Q 60 deg
-0.9554331102772216,23.603470006455538,1Q 60 deg
0.01758948712533942,21.448306776198937,1Q 60 deg
0.49759295435521844,24.375136647081487,1Q 60 deg
2.3165505348210935,29.011041192201866,1Q 60 deg
0.718308411157919,27.313517612164166,1Q 60 deg
1.0306668943460533,30.806372833108448,1Q 60 deg
1.3993886758741645,23.72386153617139,1Q 60 deg
-4.186137166031795,21.74902213031929,1Q 60 deg
-1.2795568594492681,21.831031184645504,1Q 60 deg
0.7064364289497475,30.54292949435494,1Q 60 deg
-0.5094949346328552,28.223222301362924,1Q 60 deg
-1.1545171044322857,25.89982036157303,1Q 60 deg
-1.0638557195840357,25.232426279486358,1Q 60 deg
-1.8016043487402855,27.014139782832853,1Q 60 deg
-0.35646205437484685,25.90701184156474,1Q 60 deg
-0.9851762908878714,18.714702775826503,1Q 60 deg
1.111032075495578,31.219665399301665,1Q 60 deg
-0.180008030546915,31.353544059139697,1Q 60 deg
1.8164685089592567,27.28139887310427,1Q 60 deg
-4.362518099730152,19.977645303940648,1Q 60 deg
-3.604327027110694,19.891400282119456,1Q 60 deg
-0.6167127004069233,30.214047447235913,1Q 60 deg
-0.22330813648966125,27.527791578583727,1Q 60 deg
-0.9553889172443393,22.67690381105487,1Q 60 deg
-1.7100724824950173,24.411886049322028,1Q 60 deg
-1.657597372493059,191.82453492366443,3-wood
-6.26434301038127,211.1068172453834,3-wood
11.395672975866976,203.8623998197612,3-wood
2.97505546140161,218.3543156482967,3-wood
-9.437916725243806,202.31646772539105,3-wood
10.846348720944356,209.567521378805,3-wood
10.678568321440014,205.19231460997176,3-wood
8.608123868387587,210.06051648127757,3-wood
-6.618440204839208,197.92035845864314,3-wood
-1.9521790450738417,191.78956878033532,3-wood
21.382918379498367,211.89957874493263,3-wood
-2.754411983875315,206.27503910960016,3-wood
-35.13637570288904,199.12973406727647,3-wood
11.523935058454285,214.69629172796314,3-wood
21.004585900220313,204.1066339834945,3-wood
-1.9438704190531406,215.7099074629342,3-wood
13.709176429970647,198.79318805953548,3-wood
4.09530746784878,197.27767780307542,3-wood
-12.416759024993045,188.74011681037697,3-wood
18.543161546256623,203.56557232550477,3-wood
3.6836035570569217,219.2524622082167,3-wood
-12.640577216767323,198.62247640004907,3-wood
16.631430646455662,213.91555607217143,3-wood
19.052027696526196,194.28521258732033,3-wood
-16.589199209945562,199.38460448056605,3-wood
-12.7781301217256,200.55114306056328,3-wood
-9.575799175331028,193.25376050653898,3-wood
14.285170603827275,211.8195414255539,3-wood
14.223816213183792,200.11530752265824,3-wood
7.5878972192519045,204.1363106322765,3-wood
2.9384000084436996,64.45313322124441,3Q 60 deg
5.809177410670158,63.92659702020739,3Q 60 deg
-1.6475732513490946,59.94941669095522,3Q 60 deg
4.3801453529204,70.44796829597045,3Q 60 deg
0.06587176267080941,71.96804339144389,3Q 60 deg
4.979704879311971,71.6622694701864,3Q 60 deg
1.0016728943381563,63.57374683016143,3Q 60 deg
-3.496968237349269,63.274088545244,3Q 60 deg
-6.401910006968061,64.26792559040129,3Q 60 deg
-14.300676699535126,59.56473201882374,3Q 60 deg
1.1371826369313867,66.8209007321821,3Q 60 deg
-7.784915214983825,62.57281594598953,3Q 60 deg
-1.6984286968026274,59.85766011209732,3Q 60 deg
0.2145901372891612,64.38496966332279,3Q 60 deg
-2.385331017808655,64.42774883468455,3Q 60 deg
-6.265735485188028,62.668896046124274,3Q 60 deg
-4.342108468668467,61.589530910552355,3Q 60 deg
4.334244338101492,68.84943385573803,3Q 60 deg
-1.670184115672821,66.62254422105619,3Q 60 deg
-12.507031796481625,56.36934059418536,3Q 60 deg
4.286542094538381,69.02695585898581,3Q 60 deg
0.4233025437051017,68.67394212146202,3Q 60 deg
6.573037154061362,72.2722221575844,3Q 60 deg
-2.3063390114756697,65.60780881907024,3Q 60 deg
2.290695515908281,67.76570856687636,3Q 60 deg
6.9021071812877315,70.66048942804753,3Q 60 deg
0.9331493674300837,68.86837145740881,3Q 60 deg
3.436824302411811,72.14166284697892,3Q 60 deg
-5.278028401387786,55.41088387931967,3Q 60 deg
-4.408688113571611,65.39687838055112,3Q 60 deg
7.334054616495709,175.6861843949917,4 Iron
-0.9724763337120779,174.49274524137314,4 Iron
4.064485650102271,165.64365819499693,4 Iron
-23.91910524671676,179.20483184107496,4 Iron
11.876033805303752,168.9678482032199,4 Iron
-11.09103443103783,170.13943871617542,4 Iron
-5.376606501919249,173.3204163731147,4 Iron
-15.8653185333592,178.26699033507782,4 Iron
10.32651668527123,169.213753065581,4 Iron
21.000286369524716,186.15782104129488,4 Iron
16.413448418709404,176.9847981343302,4 Iron
6.121569917076676,177.91034006430158,4 Iron
27.37723416182376,184.56638261816744,4 Iron
-12.193335375410353,174.70980745059603,4 Iron
1.2735120247211693,177.88137536871972,4 Iron
-5.6257183372112465,155.44314032441264,4 Iron
-35.79949903121505,171.45590481555936,4 Iron
7.565784199679983,175.78553204547603,4 Iron
-11.381073078067537,173.4115504735825,4 Iron
25.91782518266698,197.85440031447578,4 Iron
-3.4299381623346754,183.499203128374,4 Iron
5.13986685795961,189.2255335519711,4 Iron
-9.185008712439167,179.18392385563,4 Iron
11.36127888863382,188.29821533178608,4 Iron
-16.80333423559317,182.46040183672537,4 Iron
7.3163089430904416,175.07371635666527,4 Iron
-39.11264231748731,160.1584925819734,4 Iron
-3.2052801770685244,184.3988353270048,4 Iron
-6.097746774869668,179.7079937647992,4 Iron
2.269991728542344,180.09172368148796,4 Iron
14.789732900116945,182.3601235758386,5 Iron
-0.7768112517364298,164.423421636428,5 Iron
-12.783564537945026,164.08083991873286,5 Iron
18.154560977118585,162.82596901467355,5 Iron
-13.490679126345661,165.9829117394942,5 Iron
-2.267971480727131,175.92327116836432,5 Iron
14.43253544285989,166.37462542982774,5 Iron
2.471940105575176,170.07774276138952,5 Iron
-2.304805632810401,166.8165488774906,5 Iron
-2.188591509090423,168.03172337371083,5 Iron
8.392911470235287,164.9170730233966,5 Iron
-6.471895831980604,162.16121270249135,5 Iron
14.48090679827273,169.1722551650581,5 Iron
-3.064467298424979,183.66646158801183,5 Iron
6.445861934815606,176.33721489547,5 Iron
-13.283580832040343,159.14884294086906,5 Iron
-13.68029104705984,159.12293986664565,5 Iron
36.151401148092475,178.5587629699122,5 Iron
22.727869078730347,175.50309290565568,5 Iron
5.432162033819636,180.96189840052264,5 Iron
-18.834565183291055,163.2194767436256,5 Iron
8.308969602541445,162.2294790204499,5 Iron
3.6818644922758565,167.76070942681469,5 Iron
2.1073749301402085,170.43874792494296,5 Iron
-12.258090059136602,169.56454637784077,5 Iron
9.67530848771943,160.94299871877794,5 Iron
-23.052069914724242,161.01063506991125,5 Iron
7.094969722633526,166.66795496170394,5 Iron
24.94948036070858,169.6420970027204,5 Iron
3.380326393345186,173.72250982246283,5 Iron
-7.966171414135776,188.6423138946661,5-wood
-12.712796405605902,190.69046130716802,5-wood
4.916366938003838,192.13854109810043,5-wood
8.89527642450214,188.10238776420547,5-wood
11.324002322184072,182.3039324261734,5-wood
1.0816584966053084,181.72394683566617,5-wood
-10.24203661692818,186.11592482084163,5-wood
3.2599839692874513,194.67839640833517,5-wood
-4.775497464653672,175.85029033294995,5-wood
7.428579597632531,198.6498841868156,5-wood
35.465194397744014,199.19055850353382,5-wood
47.642436644856716,189.30285090993334,5-wood
6.435893474257135,177.00628415795586,5-wood
24.966690434878664,181.68677372357055,5-wood
-25.609007643715543,187.03464224000604,5-wood
-5.246638616208394,187.18247807567445,5-wood
13.5721267612741,178.54667535798922,5-wood
11.25885413670815,185.39583946531928,5-wood
-12.465604178408816,197.5142437607447,5-wood
-23.231288703347104,193.26155810690508,5-wood
17.37758829936909,183.42419976280408,5-wood
-9.705263903592726,191.33430581803785,5-wood
36.801212982770174,199.14596612496186,5-wood
-10.171548019269661,188.7384786943159,5-wood
9.36391594369053,184.6865207372777,5-wood
30.278747675010784,201.81513202442645,5-wood
10.844933503664379,189.7963851541437,5-wood
-27.880763935052023,191.0572261122144,5-wood
-2.147547693172604,190.7912595084299,5-wood
-25.411226982555164,200.2351959130846,5-wood
-9.395969661652144,106.04087341317836,50 deg
18.519278102995003,119.31500129256273,50 deg
1.0984460551165776,109.41704693052759,50 deg
-2.284543213465084,93.0462435921837,50 deg
4.624679926098902,112.28876156632563,50 deg
7.384917104362172,105.21430038874038,50 deg
-8.192330511345803,105.1540553329931,50 deg
8.103187995210373,114.4642457963177,50 deg
-7.179387008957267,104.33311804331898,50 deg
-7.1511376314862805,104.72174423072698,50 deg
6.186910973705424,105.85969626904078,50 deg
0.4867967092991404,109.58754649107219,50 deg
-7.400113319183722,103.59445973347269,50 deg
-1.8264391864656766,102.37209415600428,50 deg
7.351297542193431,111.8710479848788,50 deg
7.746271030919372,116.84703554536591,50 deg
-4.584921252970231,107.1835352310536,50 deg
-7.271515959679144,114.58091501041058,50 deg
9.11085842620716,102.17132817217595,50 deg
-1.518842416282024,107.21423698551727,50 deg
6.882238414516658,107.17140321985045,50 deg
3.659294398440818,111.29616808302582,50 deg
-0.631624650032682,120.29539653340942,50 deg
10.420868535378766,110.09992781108134,50 deg
19.96804398408168,120.7782876402951,50 deg
19.267034812957405,116.34487001583472,50 deg
4.143737920609471,107.01434261665503,50 deg
-17.49732534109183,103.61463001461233,50 deg
-9.675409953285524,98.40105193418718,50 deg
-10.980312638976434,104.7139801145335,50 deg
-6.6166139632455385,96.73530583805554,54 deg
8.343662975918786,97.37121432512393,54 deg
-1.6545337251578254,83.70409916046472,54 deg
-11.507277423200561,92.59326206527176,54 deg
0.8153237558426242,96.69260164457296,54 deg
9.147656601259815,98.03590155828516,54 deg
-9.520447863058322,96.55566506671215,54 deg
-19.50781928704822,86.44632390650395,54 deg
6.5858252180566055,96.21850479545824,54 deg
8.640150634231041,98.93537029702078,54 deg
-2.0400225583462515,94.37080490814091,54 deg
-7.140110848382084,91.27820760123083,54 deg
4.3315242597424914,94.93983555384465,54 deg
15.582321182631775,95.85958810159111,54 deg
7.74501558657998,104.24027278074469,54 deg
-8.08507031758072,97.51147376890279,54 deg
13.921030094223694,93.46420106640942,54 deg
5.538651552436754,98.60627044070937,54 deg
-4.578755278653555,97.7172902918682,54 deg
-4.019914600512512,100.83775892965564,54 deg
3.8946179891736348,93.3738743820636,54 deg
14.909129815962675,98.36696309526029,54 deg
0.33617111023196994,91.89367466872123,54 deg
-8.456686195040378,97.50085434855045,54 deg
17.435507782392104,106.73715573277374,54 deg
17.16023664144852,104.70245506257262,54 deg
-8.57268492663816,91.87825770259998,54 deg
11.401217278007845,98.06347659815836,54 deg
3.0692868809117435,96.02880736859814,54 deg
2.51315961560529,96.08091429235071,54 deg
-3.191511624240582,148.28758545410702,6 Iron
3.0397395599594565,164.55147664659953,6 Iron
6.621026730910968,153.67191414734387,6 Iron
-17.235772490257343,139.1136223823583,6 Iron
-20.120605853611448,149.86472940116883,6 Iron
-3.0973360975263784,155.77575092183687,6 Iron
-16.235231456592075,152.34919452062448,6 Iron
10.64294766962693,164.06425101600215,6 Iron
40.292623767191984,159.76878058664104,6 Iron
23.321034136854284,153.5553713160221,6 Iron
-34.68940745085753,151.74374318444532,6 Iron
-2.5441448275730574,145.06976879607484,6 Iron
12.155246741179948,157.90694848751133,6 Iron
-6.670586747629533,158.39449211738227,6 Iron
-0.6839310808671437,158.49038061329992,6 Iron
-6.952044613889074,144.34377089774472,6 Iron
-1.3099458426411936,159.80711201920815,6 Iron
-10.134146065447142,152.4201874910695,6 Iron
14.229483862039835,150.58293410441877,6 Iron
1.3601433370374478,162.17251835948682,6 Iron
33.61606478127695,155.18886962659218,6 Iron
18.857327202967095,161.96319655148883,6 Iron
9.545546242363688,153.8167964664622,6 Iron
3.2309876754506384,158.42222533618013,6 Iron
8.260297311944583,138.9250029153281,6 Iron
-9.800516422523899,157.05579211826245,6 Iron
4.160822405534916,149.7517300065722,6 Iron
-6.481955559335562,157.051729965121,6 Iron
7.953577439685131,155.10949016328226,6 Iron
15.820617043335393,156.13102625415274,6 Iron
7.056642590046536,86.78810302796805,60 deg
4.484307052706853,83.5582723957822,60 deg
8.245022315414944,84.20829016817582,60 deg
4.03063629705312,76.01440117016327,60 deg
0.5549807787893019,77.34160594254405,60 deg
11.190475118483523,84.47626786248436,60 deg
-4.175792713220786,77.39391869679065,60 deg
0.27602060673701007,79.99194950526716,60 deg
-1.2900539090428944,78.1524662358913,60 deg
-2.9547297963611037,69.63544966862294,60 deg
-2.1320672697295753,74.65630186396784,60 deg
2.0393679836670193,79.1063499537308,60 deg
4.488635093645382,78.09321390773171,60 deg
-3.60075452095305,80.86247747689725,60 deg
0.6710554693914736,78.8681404060292,60 deg
3.9153078749744625,81.66377239210603,60 deg
-1.1453446979489137,75.68240895319792,60 deg
1.8228195088092911,81.52599958909036,60 deg
4.330970336925026,83.45940678941324,60 deg
-6.075305539421988,77.23776631544519,60 deg
-1.7213103008667006,81.60018668843601,60 deg
-2.7019485100033527,71.79491898346426,60 deg
6.810717300287991,83.84548770122309,60 deg
-4.401168382349987,73.5545543617691,60 deg
0.3814403881268717,84.38288783604092,60 deg
3.3568843864029034,72.87896661389732,60 deg
-2.093272957935959,78.06420026211102,60 deg
-1.5227929060270744,78.36935396347879,60 deg
3.184087005943059,76.45032241338997,60 deg
3.9433250379704416,78.59843446546498,60 deg
13.98860424542839,142.6383312471485,7 Iron
-4.160997199783418,141.73047121588144,7 Iron
7.3718336131704465,142.92437462145938,7 Iron
-0.7439074136547228,148.39633504364997,7 Iron
22.789437341433473,155.1490307579599,7 Iron
10.866348150281551,137.9914849960728,7 Iron
24.643329242946397,149.20284027001185,7 Iron
-2.127883118707682,144.18142164067032,7 Iron
9.623102000830873,152.66851661789144,7 Iron
-15.601909037799732,138.2206254202059,7 Iron
5.524410797736451,151.41412045553065,7 Iron
-9.047733064002177,143.60148933398702,7 Iron
13.953702352932714,134.37522208760515,7 Iron
-19.462300916752962,125.9751233506293,7 Iron
-3.1375944365509585,154.1654944030901,7 Iron
-4.45275792473357,146.06919537161332,7 Iron
21.364675071539907,143.2093635009927,7 Iron
4.93299267403129,150.9750781790297,7 Iron
6.5139284847065415,141.7812649044059,7 Iron
-3.2268306396270723,147.30936925291797,7 Iron
19.618480219045505,145.41124052717097,7 Iron
7.789963294760598,152.26275159200327,7 Iron
-5.682204495979336,151.73209871148367,7 Iron
-9.318281686970066,138.74487966533843,7 Iron
-13.475705277227714,138.19496319695904,7 Iron
7.659359718772034,150.02854204195546,7 Iron
9.450791162299208,145.73036496664187,7 Iron
-13.569006740146754,136.51202273538243,7 Iron
10.984518602627334,145.49778742238604,7 Iron
-9.26682037483563,136.051998130286,7 Iron
5.921823133623404,133.51676684097586,8 Iron
-0.7369236208953436,132.2565551112083,8 Iron
20.27540508154498,135.59798945874735,8 Iron
9.25717967679381,144.84454028401797,8 Iron
-9.4244009071526,135.38263612058628,8 Iron
7.756845890089908,132.26731211530193,8 Iron
8.163601833037154,130.99869142827822,8 Iron
-23.891945719437157,114.3642783924072,8 Iron
-3.5803051179427055,126.10928776189064,8 Iron
3.499599438018447,129.97736577465471,8 Iron
15.886675065324331,132.79272313249578,8 Iron
-18.917088104292443,128.29610201949782,8 Iron
8.480571903136212,140.56243510951555,8 Iron
-0.5638218356934637,138.81968683067686,8 Iron
20.862941386634866,142.78747336330983,8 Iron
-5.330284155858735,123.36420411959023,8 Iron
-7.097384079176457,142.61119846206284,8 Iron
-0.4428554350093561,139.45299125987705,8 Iron
-5.720185405659993,128.86674289636417,8 Iron
2.8071213593526814,126.35974170229643,8 Iron
5.394003016543349,137.9289434223363,8 Iron
-7.500005566169036,132.64542027758415,8 Iron
-5.638803210909439,126.56231674241168,8 Iron
1.8384361849392006,135.4122438383043,8 Iron
-19.85576257963842,127.5367115412402,8 Iron
6.3294098891058095,136.7701513569884,8 Iron
10.803812759439358,139.1204102765651,8 Iron
7.749610011500689,126.51947611828334,8 Iron
1.8962470221771113,133.4457648773777,8 Iron
19.293381320883235,140.13360383254158,8 Iron
-14.895526743779083,120.66923518740835,9 Iron
-2.886265974090515,114.52366597041073,9 Iron
-4.64839474497114,122.58349105810514,9 Iron
-5.694309406541848,123.77735301963585,9 Iron
12.952033377319246,128.5223359030125,9 Iron
7.328160700395201,126.21668856322422,9 Iron
5.8670930725709045,133.64768377272102,9 Iron
10.00071499221206,122.29375059028182,9 Iron
1.6127844154133546,117.88290324630458,9 Iron
5.789899168791633,121.01150986305602,9 Iron
-14.700222223020198,122.30374327852029,9 Iron
1.4567268028809701,121.85579574730764,9 Iron
-9.519255480660135,122.14144860979714,9 Iron
-4.491776270096039,121.61875557290759,9 Iron
16.174899899685858,129.39623424802903,9 Iron
3.80314433197907,128.89346328520767,9 Iron
-8.023579720236798,116.48587302804361,9 Iron
-7.794411521686823,130.66207977745694,9 Iron
2.9635350506968403,134.65737791572388,9 Iron
8.067463377126801,126.94282884934518,9 Iron
0.20418974959171704,123.72308431631245,9 Iron
9.175733851514307,123.77375406833765,9 Iron
5.717012021111989,127.78918541905318,9 Iron
-7.49355740862874,133.66603716680007,9 Iron
-11.690720385949641,115.88715722792661,9 Iron
-4.948050555611981,127.45658612136212,9 Iron
-0.02221107958094838,123.15492431063161,9 Iron
-2.122692784280485,127.82531143293397,9 Iron
8.735933585563561,125.15961790079186,9 Iron
-4.919024595384588,123.43400988401528,9 Iron
-3.971369694430776,220.1178216104703,Driver
-23.105640691804943,240.29872358729824,Driver
-7.193854698637412,220.9739174311602,Driver
-11.879413922822973,215.96376790970749,Driver
10.960392978291233,228.821466555425,Driver
44.196275131029424,226.5802425951369,Driver
8.418949229136084,213.6666568388259,Driver
16.91550652213602,225.75387659338307,Driver
26.75464193121846,229.05442407540036,Driver
7.49396046097087,227.69397294747264,Driver
-20.410438205180387,220.76265734328535,Driver
-1.7686458960830456,225.65490440347693,Driver
-1.9095230523415383,214.029524084932,Driver
-0.1620144268645527,228.31373298824266,Driver
18.663626979690214,239.79868136536118,Driver
-16.910489997479704,213.4816560147929,Driver
5.315747907095508,217.65719545190422,Driver
-9.458736817760602,211.27977083260325,Driver
4.953448097348093,217.74735159504127,Driver
3.2000608719381782,207.51024497802229,Driver
-19.937151377210412,209.10636636209557,Driver
-1.5016174901730301,222.4984649336477,Driver
13.814327459640023,220.13358187210758,Driver
-14.856866581298606,215.20131536592532,Driver
-3.2416306522101097,215.8593185990664,Driver
8.027139092952533,232.49243490523767,Driver
-15.768574269939995,218.5602757789312,Driver
16.23408799982972,250.8121478775349,Driver
17.23375743282769,214.38547724777146,Driver
-42.17662591633332,208.18268464811945,Driver
8.930887512940068,89.93507012948035,H 50 deg
-4.170548079011709,86.19605976886318,H 50 deg
1.7197608881672546,94.37857845951206,H 50 deg
3.4169597626954182,85.57184107267149,H 50 deg
-9.516499490346087,87.18149307026275,H 50 deg
5.632971107142988,85.98317228099997,H 50 deg
-5.640374985323847,78.27859614065503,H 50 deg
5.2725475807941296,93.4075038786767,H 50 deg
-0.8180080255002427,86.41235672561476,H 50 deg
-3.6338110337160225,85.36276814849377,H 50 deg
5.348448684062016,94.4361840020875,H 50 deg
-10.460404054370521,83.10260283800228,H 50 deg
-4.817238712223285,92.77282519398955,H 50 deg
0.624277563249054,87.14675197622184,H 50 deg
-5.794395134337639,89.49730544237096,H 50 deg
-11.618648473647463,81.034839643623,H 50 deg
-1.7700410022638207,82.3601737997268,H 50 deg
1.602279890294276,85.77102773230867,H 50 deg
2.9166787679164914,94.52330580815203,H 50 deg
4.351758418222322,88.1352925026798,H 50 deg
-5.580704280189122,89.04707724270442,H 50 deg
-8.211167796052802,92.42504268394528,H 50 deg
-1.3622267422333738,87.8183642282108,H 50 deg
-5.165757331321551,89.69485643128637,H 50 deg
-4.692038949119524,84.95151776747336,H 50 deg
4.372295923064744,90.63684278870832,H 50 deg
-10.170161703722915,81.2709931407493,H 50 deg
-5.29922177455136,85.81155295853506,H 50 deg
-6.141785918034451,82.01707716754709,H 50 deg
-15.246160359427881,75.94664078290326,H 50 deg
0.7774097603225324,59.08586082008056,H 54 deg
-1.649042875692796,56.26976360038546,H 54 deg
2.8178834055633137,58.11831496542343,H 54 deg
-1.6532190483586022,58.49954820052055,H 54 deg
-3.1382009220188296,54.641298033583446,H 54 deg
1.8741827741738868,60.304134396566795,H 54 deg
-2.215424025835066,57.37845627805524,H 54 deg
-6.647292261546046,47.7066040273173,H 54 deg
3.6588818060334383,56.5960643360342,H 54 deg
1.9034593429924678,56.25175414411569,H 54 deg
-0.42244213727347013,54.58310700867578,H 54 deg
0.5708905682376709,59.25624192214448,H 54 deg
3.778179002806908,60.63842586250964,H 54 deg
1.2581791991106006,58.933233211490865,H 54 deg
-4.194025123145933,50.2345993208796,H 54 deg
-1.2296780294436238,54.73211532216033,H 54 deg
3.5272628020035937,59.79981174797519,H 54 deg
-0.9892245652720912,55.686185602638375,H 54 deg
1.3984967972435243,57.1728115856563,H 54 deg
5.793430553358353,60.314902345460965,H 54 deg
-2.757101847670147,55.3217949383021,H 54 deg
2.2581878319981827,58.08660198686535,H 54 deg
-0.4311273520674135,55.61994264703159,H 54 deg
1.3965648450264825,51.39198927425128,H 54 deg
0.596783829706005,56.788007241855446,H 54 deg
2.148040585508392,62.7159037975608,H 54 deg
-2.228293510274616,57.89186131799226,H 54 deg
5.226643072676492,58.07378183816742,H 54 deg
2.42371956243524,52.86702289922688,H 54 deg
-0.22246485001774496,55.518944742511955,H 54 deg
-2.380797643601368,35.838449103949884,H 60 deg
3.2435478570533967,39.82580303703605,H 60 deg
-1.7898566299978995,32.00264918161269,H 60 deg
4.583610450207598,42.21507017789147,H 60 deg
-0.8872025193739244,34.47558908874021,H 60 deg
2.2357109779605078,42.0895328556562,H 60 deg
2.1993591439028166,39.36444149886887,H 60 deg
-2.3266701701171795,37.12168850267806,H 60 deg
-2.4077091422664445,36.00621508164944,H 60 deg
2.423276139256447,36.17537453466802,H 60 deg
-3.2333805454731848,33.04271454500122,H 60 deg
-2.0811061343173893,37.713927028710074,H 60 deg
-2.8868662770223983,34.029638387852856,H 60 deg
0.699546876644442,36.993810040915754,H 60 deg
1.9276874492295002,38.3140317765602,H 60 deg
3.6110654366327806,41.13503001076707,H 60 deg
-0.3364662592268506,40.55595768498655,H 60 deg
-6.32206890907749,27.263798337531107,H 60 deg
1.9382312957246228,45.24594803663371,H 60 deg
2.377676769511839,39.73393449364991,H 60 deg
2.08830462252602,37.334673897311994,H 60 deg
0.44276719803513764,38.21046575790709,H 60 deg
0.0512397417641689,39.057076121800414,H 60 deg
0.6307445541128691,38.88145054757859,H 60 deg
-0.39847763898702615,38.37996074034459,H 60 deg
5.037974336014072,41.885236792653544,H 60 deg
2.9450595610338235,38.2091239216857,H 60 deg
-0.7080492281035249,39.54488710919907,H 60 deg
0.9591472152848626,35.984046118485985,H 60 deg
2.1983827606256106,42.645972999660316,H 60 deg
1.4297283480250904,179.24829439485296,Hybrid
-10.042395715965636,171.9115120318586,Hybrid
2.194522414993041,176.32911886660148,Hybrid
10.344882302869163,178.0989757154205,Hybrid
-12.699508247523912,177.92041438169647,Hybrid
7.2946332020144276,181.33865570074812,Hybrid
17.62864330887271,180.8080710165254,Hybrid
-30.959439736912408,172.21440056323456,Hybrid
-13.194264459956813,177.03360539830754,Hybrid
-9.532978686058406,182.6968042531102,Hybrid
9.808627615102855,183.28977965642233,Hybrid
-22.676308363083884,169.83557096188997,Hybrid
3.489176025532183,179.84629466435888,Hybrid
-8.320089999947422,182.12215091370135,Hybrid
-20.816314453412623,178.68059947656573,Hybrid
-5.325648195320626,187.64596201705135,Hybrid
-10.58341037196682,168.48873509413338,Hybrid
-38.636612705965995,182.20528726343983,Hybrid
-2.596997013497146,182.67449778049135,Hybrid
-20.467637874739175,174.43728473356532,Hybrid
-15.030844121445526,184.10285721507444,Hybrid
9.586049177871873,179.54393785016325,Hybrid
-16.410383825372982,179.58654309424787,Hybrid
-15.500652701197764,175.99579225112421,Hybrid
2.683399053250211,168.72253242317544,Hybrid
10.204743535727573,183.89705592747234,Hybrid
-15.305682765462356,180.33037263269776,Hybrid
-2.070040019267405,178.62002996729305,Hybrid
-6.961660101195284,179.5956474121403,Hybrid
-21.979142463179095,176.09717999129808,Hybrid
15.628070835755423,110.73283953679746,PW
-15.562667272906085,103.81137335855009,PW
-8.825597401848743,110.1742157578308,PW
0.690392785100191,113.15541922011928,PW
-13.6473304489076,109.4193352694125,PW
0.9397641280611784,105.8625411016869,PW
-4.00010352087454,115.53596763554427,PW
-5.368025420293193,119.77237679505077,PW
-2.154648947721924,114.75541241791065,PW
-16.45544856763776,101.60358269632336,PW
1.795914786987105,121.63349367261492,PW
-11.730026852444713,114.46397889480387,PW
-10.24017507382067,112.97066623650935,PW
-18.574936104954052,111.24534274584578,PW
-3.9008197154117896,113.60094044822463,PW
-1.8476486223373878,107.1640098511917,PW
-9.053734441458372,110.84580579643364,PW
-20.00630942573816,108.51633294328752,PW
-5.880225946370004,113.58920112958137,PW
4.070374937920988,119.89231990455632,PW
-20.93990694370797,108.61363777808174,PW
2.307148250590901,112.37899744986218,PW
18.582811152973342,117.20214351070842,PW
-5.082348647581548,118.03427907470261,PW
-10.674534717586935,108.95249979121007,PW
0.3018127393923635,119.68522078481067,PW
1.1761915496776334,111.29270502280161,PW
-16.884251438933934,115.12297222035436,PW
-0.7152528519921858,110.39973589009794,PW
18.907066177568677,121.32008007804085,PW
