seed,N_from,N_to,N,tolerance,match_rate
0,10,20,20,1,38.92857142857143
0,10,20,20,2,46.42857142857143
0,10,20,20,3,46.42857142857143
0,20,30,30,1,47.85714285714286
0,20,30,30,2,58.214285714285715
0,20,30,30,3,58.214285714285715
0,30,50,50,1,51.42857142857142
0,30,50,50,2,62.857142857142854
0,30,50,50,3,62.857142857142854
0,50,100,100,1,49.642857142857146
0,50,100,100,2,65.0
0,50,100,100,3,65.0
0,100,150,150,1,63.57142857142857
0,100,150,150,2,73.21428571428571
0,100,150,150,3,73.21428571428571
0,150,200,200,1,67.85714285714286
0,150,200,200,2,80.35714285714286
0,150,200,200,3,80.35714285714286
0,200,250,250,1,70.71428571428572
0,200,250,250,2,80.0
0,200,250,250,3,80.0
0,250,300,300,1,77.14285714285715
0,250,300,300,2,85.71428571428571
0,250,300,300,3,85.71428571428571
1,10,20,20,1,35.0
1,10,20,20,2,47.14285714285714
1,10,20,20,3,47.14285714285714
1,20,30,30,1,56.42857142857143
1,20,30,30,2,65.0
1,20,30,30,3,65.0
1,30,50,50,1,49.642857142857146
1,30,50,50,2,60.71428571428571
1,30,50,50,3,60.71428571428571
1,50,100,100,1,50.357142857142854
1,50,100,100,2,65.35714285714286
1,50,100,100,3,65.35714285714286
1,100,150,150,1,59.64285714285714
1,100,150,150,2,74.28571428571429
1,100,150,150,3,74.28571428571429
1,150,200,200,1,67.14285714285714
1,150,200,200,2,77.85714285714286
1,150,200,200,3,77.85714285714286
1,200,250,250,1,72.85714285714285
1,200,250,250,2,81.42857142857143
1,200,250,250,3,81.42857142857143
1,250,300,300,1,76.07142857142857
1,250,300,300,2,82.14285714285714
1,250,300,300,3,82.14285714285714
2,10,20,20,1,30.714285714285715
2,10,20,20,2,41.07142857142857
2,10,20,20,3,41.07142857142857
2,20,30,30,1,49.642857142857146
2,20,30,30,2,59.64285714285714
2,20,30,30,3,59.64285714285714
2,30,50,50,1,51.42857142857142
2,30,50,50,2,63.21428571428571
2,30,50,50,3,63.21428571428571
2,50,100,100,1,51.07142857142857
2,50,100,100,2,65.71428571428571
2,50,100,100,3,65.71428571428571
2,100,150,150,1,59.64285714285714
2,100,150,150,2,74.64285714285714
2,100,150,150,3,74.64285714285714
2,150,200,200,1,70.35714285714286
2,150,200,200,2,82.5
2,150,200,200,3,82.5
2,200,250,250,1,68.92857142857143
2,200,250,250,2,84.28571428571429
2,200,250,250,3,84.28571428571429
2,250,300,300,1,78.92857142857143
2,250,300,300,2,88.57142857142857
2,250,300,300,3,88.57142857142857
3,10,20,20,1,41.785714285714285
3,10,20,20,2,50.71428571428571
3,10,20,20,3,50.71428571428571
3,20,30,30,1,53.214285714285715
3,20,30,30,2,65.35714285714286
3,20,30,30,3,65.35714285714286
3,30,50,50,1,47.85714285714286
3,30,50,50,2,59.285714285714285
3,30,50,50,3,59.285714285714285
3,50,100,100,1,44.642857142857146
3,50,100,100,2,61.78571428571429
3,50,100,100,3,61.78571428571429
3,100,150,150,1,59.64285714285714
3,100,150,150,2,71.78571428571429
3,100,150,150,3,71.78571428571429
3,150,200,200,1,67.14285714285714
3,150,200,200,2,78.92857142857143
3,150,200,200,3,78.92857142857143
3,200,250,250,1,72.14285714285714
3,200,250,250,2,82.85714285714286
3,200,250,250,3,82.85714285714286
3,250,300,300,1,76.07142857142857
3,250,300,300,2,87.5
3,250,300,300,3,87.5
4,10,20,20,1,35.714285714285715
4,10,20,20,2,46.42857142857143
4,10,20,20,3,46.42857142857143
4,20,30,30,1,52.85714285714286
4,20,30,30,2,62.5
4,20,30,30,3,62.5
4,30,50,50,1,49.642857142857146
4,30,50,50,2,62.142857142857146
4,30,50,50,3,62.142857142857146
4,50,100,100,1,42.142857142857146
4,50,100,100,2,58.57142857142858
4,50,100,100,3,58.57142857142858
4,100,150,150,1,58.57142857142858
4,100,150,150,2,72.14285714285714
4,100,150,150,3,72.14285714285714
4,150,200,200,1,66.07142857142857
4,150,200,200,2,77.5
4,150,200,200,3,77.5
4,200,250,250,1,72.85714285714285
4,200,250,250,2,81.07142857142857
4,200,250,250,3,81.07142857142857
4,250,300,300,1,67.14285714285714
4,250,300,300,2,79.64285714285714
4,250,300,300,3,79.64285714285714
5,10,20,20,1,36.42857142857142
5,10,20,20,2,49.642857142857146
5,10,20,20,3,49.642857142857146
5,20,30,30,1,51.07142857142857
5,20,30,30,2,60.71428571428571
5,20,30,30,3,60.71428571428571
5,30,50,50,1,46.785714285714285
5,30,50,50,2,61.78571428571429
5,30,50,50,3,61.78571428571429
5,50,100,100,1,47.14285714285714
5,50,100,100,2,63.21428571428571
5,50,100,100,3,63.21428571428571
5,100,150,150,1,61.78571428571429
5,100,150,150,2,73.92857142857143
5,100,150,150,3,73.92857142857143
5,150,200,200,1,63.92857142857142
5,150,200,200,2,76.07142857142857
5,150,200,200,3,76.07142857142857
5,200,250,250,1,67.85714285714286
5,200,250,250,2,79.28571428571428
5,200,250,250,3,79.28571428571428
5,250,300,300,1,71.42857142857143
5,250,300,300,2,83.21428571428572
5,250,300,300,3,83.21428571428572
6,10,20,20,1,34.285714285714285
6,10,20,20,2,45.0
6,10,20,20,3,45.0
6,20,30,30,1,52.142857142857146
6,20,30,30,2,62.5
6,20,30,30,3,62.5
6,30,50,50,1,50.71428571428571
6,30,50,50,2,63.92857142857142
6,30,50,50,3,63.92857142857142
6,50,100,100,1,45.714285714285715
6,50,100,100,2,63.57142857142857
6,50,100,100,3,63.57142857142857
6,100,150,150,1,65.0
6,100,150,150,2,75.71428571428571
6,100,150,150,3,75.71428571428571
6,150,200,200,1,69.28571428571428
6,150,200,200,2,81.07142857142857
6,150,200,200,3,81.07142857142857
6,200,250,250,1,73.57142857142858
6,200,250,250,2,81.07142857142857
6,200,250,250,3,81.07142857142857
6,250,300,300,1,80.35714285714286
6,250,300,300,2,86.42857142857143
6,250,300,300,3,86.42857142857143
7,10,20,20,1,37.142857142857146
7,10,20,20,2,51.42857142857142
7,10,20,20,3,51.42857142857142
7,20,30,30,1,52.5
7,20,30,30,2,61.07142857142858
7,20,30,30,3,61.07142857142858
7,30,50,50,1,51.42857142857142
7,30,50,50,2,61.07142857142858
7,30,50,50,3,61.07142857142858
7,50,100,100,1,46.785714285714285
7,50,100,100,2,67.5
7,50,100,100,3,67.5
7,100,150,150,1,56.785714285714285
7,100,150,150,2,70.0
7,100,150,150,3,70.0
7,150,200,200,1,63.21428571428571
7,150,200,200,2,76.07142857142857
7,150,200,200,3,76.07142857142857
7,200,250,250,1,75.71428571428571
7,200,250,250,2,84.28571428571429
7,200,250,250,3,84.28571428571429
7,250,300,300,1,72.5
7,250,300,300,2,83.57142857142857
7,250,300,300,3,83.57142857142857
8,10,20,20,1,36.07142857142857
8,10,20,20,2,44.285714285714285
8,10,20,20,3,44.285714285714285
8,20,30,30,1,51.78571428571429
8,20,30,30,2,62.5
8,20,30,30,3,62.5
8,30,50,50,1,46.42857142857143
8,30,50,50,2,57.49999999999999
8,30,50,50,3,57.49999999999999
8,50,100,100,1,40.0
8,50,100,100,2,55.714285714285715
8,50,100,100,3,55.714285714285715
8,100,150,150,1,60.0
8,100,150,150,2,73.57142857142858
8,100,150,150,3,73.57142857142858
8,150,200,200,1,69.28571428571428
8,150,200,200,2,80.71428571428572
8,150,200,200,3,80.71428571428572
8,200,250,250,1,72.5
8,200,250,250,2,82.85714285714286
8,200,250,250,3,82.85714285714286
8,250,300,300,1,75.0
8,250,300,300,2,85.35714285714285
8,250,300,300,3,85.35714285714285
9,10,20,20,1,34.64285714285714
9,10,20,20,2,44.642857142857146
9,10,20,20,3,44.642857142857146
9,20,30,30,1,46.785714285714285
9,20,30,30,2,58.57142857142858
9,20,30,30,3,58.57142857142858
9,30,50,50,1,50.357142857142854
9,30,50,50,2,62.142857142857146
9,30,50,50,3,62.142857142857146
9,50,100,100,1,50.0
9,50,100,100,2,65.35714285714286
9,50,100,100,3,65.35714285714286
9,100,150,150,1,61.07142857142858
9,100,150,150,2,72.85714285714285
9,100,150,150,3,72.85714285714285
9,150,200,200,1,67.5
9,150,200,200,2,77.85714285714286
9,150,200,200,3,77.85714285714286
9,200,250,250,1,73.21428571428571
9,200,250,250,2,84.64285714285714
9,200,250,250,3,84.64285714285714
9,250,300,300,1,74.28571428571429
9,250,300,300,2,84.64285714285714
9,250,300,300,3,84.64285714285714
10,10,20,20,1,38.21428571428571
10,10,20,20,2,47.85714285714286
10,10,20,20,3,47.85714285714286
10,20,30,30,1,45.714285714285715
10,20,30,30,2,56.785714285714285
10,20,30,30,3,56.785714285714285
10,30,50,50,1,50.357142857142854
10,30,50,50,2,61.07142857142858
10,30,50,50,3,61.07142857142858
10,50,100,100,1,46.42857142857143
10,50,100,100,2,59.285714285714285
10,50,100,100,3,59.285714285714285
10,100,150,150,1,60.71428571428571
10,100,150,150,2,73.57142857142858
10,100,150,150,3,73.57142857142858
10,150,200,200,1,72.14285714285714
10,150,200,200,2,82.14285714285714
10,150,200,200,3,82.14285714285714
10,200,250,250,1,76.42857142857142
10,200,250,250,2,83.57142857142857
10,200,250,250,3,83.57142857142857
10,250,300,300,1,77.85714285714286
10,250,300,300,2,85.71428571428571
10,250,300,300,3,85.71428571428571
11,10,20,20,1,32.5
11,10,20,20,2,44.642857142857146
11,10,20,20,3,44.642857142857146
11,20,30,30,1,49.642857142857146
11,20,30,30,2,63.57142857142857
11,20,30,30,3,63.57142857142857
11,30,50,50,1,52.85714285714286
11,30,50,50,2,66.07142857142857
11,30,50,50,3,66.07142857142857
11,50,100,100,1,51.78571428571429
11,50,100,100,2,64.28571428571429
11,50,100,100,3,64.28571428571429
11,100,150,150,1,61.07142857142858
11,100,150,150,2,72.5
11,100,150,150,3,72.5
11,150,200,200,1,70.0
11,150,200,200,2,80.71428571428572
11,150,200,200,3,80.71428571428572
11,200,250,250,1,73.57142857142858
11,200,250,250,2,84.28571428571429
11,200,250,250,3,84.28571428571429
11,250,300,300,1,77.5
11,250,300,300,2,87.5
11,250,300,300,3,87.5
12,10,20,20,1,40.714285714285715
12,10,20,20,2,50.357142857142854
12,10,20,20,3,50.357142857142854
12,20,30,30,1,52.142857142857146
12,20,30,30,2,60.71428571428571
12,20,30,30,3,60.71428571428571
12,30,50,50,1,49.28571428571429
12,30,50,50,2,60.71428571428571
12,30,50,50,3,60.71428571428571
12,50,100,100,1,44.642857142857146
12,50,100,100,2,55.35714285714286
12,50,100,100,3,55.35714285714286
12,100,150,150,1,56.07142857142857
12,100,150,150,2,72.85714285714285
12,100,150,150,3,72.85714285714285
12,150,200,200,1,72.85714285714285
12,150,200,200,2,84.64285714285714
12,150,200,200,3,84.64285714285714
12,200,250,250,1,77.14285714285715
12,200,250,250,2,87.5
12,200,250,250,3,87.5
12,250,300,300,1,76.42857142857142
12,250,300,300,2,83.57142857142857
12,250,300,300,3,83.57142857142857
13,10,20,20,1,37.142857142857146
13,10,20,20,2,46.42857142857143
13,10,20,20,3,46.42857142857143
13,20,30,30,1,50.71428571428571
13,20,30,30,2,59.285714285714285
13,20,30,30,3,59.285714285714285
13,30,50,50,1,50.357142857142854
13,30,50,50,2,65.0
13,30,50,50,3,65.0
13,50,100,100,1,44.285714285714285
13,50,100,100,2,58.214285714285715
13,50,100,100,3,58.214285714285715
13,100,150,150,1,63.21428571428571
13,100,150,150,2,76.78571428571429
13,100,150,150,3,76.78571428571429
13,150,200,200,1,63.21428571428571
13,150,200,200,2,75.0
13,150,200,200,3,75.0
13,200,250,250,1,71.42857142857143
13,200,250,250,2,78.57142857142857
13,200,250,250,3,78.57142857142857
13,250,300,300,1,76.07142857142857
13,250,300,300,2,87.14285714285714
13,250,300,300,3,87.14285714285714
14,10,20,20,1,36.42857142857142
14,10,20,20,2,47.14285714285714
14,10,20,20,3,47.14285714285714
14,20,30,30,1,45.357142857142854
14,20,30,30,2,53.57142857142857
14,20,30,30,3,53.57142857142857
14,30,50,50,1,49.28571428571429
14,30,50,50,2,61.07142857142858
14,30,50,50,3,61.07142857142858
14,50,100,100,1,46.785714285714285
14,50,100,100,2,58.92857142857143
14,50,100,100,3,58.92857142857143
14,100,150,150,1,56.785714285714285
14,100,150,150,2,71.07142857142857
14,100,150,150,3,71.07142857142857
14,150,200,200,1,68.57142857142857
14,150,200,200,2,81.07142857142857
14,150,200,200,3,81.07142857142857
14,200,250,250,1,72.85714285714285
14,200,250,250,2,84.64285714285714
14,200,250,250,3,84.64285714285714
14,250,300,300,1,72.5
14,250,300,300,2,85.71428571428571
14,250,300,300,3,85.71428571428571
15,10,20,20,1,33.214285714285715
15,10,20,20,2,42.142857142857146
15,10,20,20,3,42.142857142857146
15,20,30,30,1,43.57142857142857
15,20,30,30,2,55.00000000000001
15,20,30,30,3,55.00000000000001
15,30,50,50,1,45.0
15,30,50,50,2,57.49999999999999
15,30,50,50,3,57.49999999999999
15,50,100,100,1,43.214285714285715
15,50,100,100,2,56.07142857142857
15,50,100,100,3,56.07142857142857
15,100,150,150,1,57.85714285714286
15,100,150,150,2,70.0
15,100,150,150,3,70.0
15,150,200,200,1,68.57142857142857
15,150,200,200,2,80.71428571428572
15,150,200,200,3,80.71428571428572
15,200,250,250,1,72.85714285714285
15,200,250,250,2,82.85714285714286
15,200,250,250,3,82.85714285714286
15,250,300,300,1,70.35714285714286
15,250,300,300,2,81.42857142857143
15,250,300,300,3,81.42857142857143
16,10,20,20,1,35.0
16,10,20,20,2,45.0
16,10,20,20,3,45.0
16,20,30,30,1,52.142857142857146
16,20,30,30,2,61.78571428571429
16,20,30,30,3,61.78571428571429
16,30,50,50,1,51.78571428571429
16,30,50,50,2,61.07142857142858
16,30,50,50,3,61.07142857142858
16,50,100,100,1,47.5
16,50,100,100,2,62.5
16,50,100,100,3,62.5
16,100,150,150,1,63.92857142857142
16,100,150,150,2,77.5
16,100,150,150,3,77.5
16,150,200,200,1,64.64285714285715
16,150,200,200,2,77.14285714285715
16,150,200,200,3,77.14285714285715
16,200,250,250,1,75.35714285714286
16,200,250,250,2,84.64285714285714
16,200,250,250,3,84.64285714285714
16,250,300,300,1,69.64285714285714
16,250,300,300,2,85.35714285714285
16,250,300,300,3,85.35714285714285
17,10,20,20,1,35.35714285714286
17,10,20,20,2,45.0
17,10,20,20,3,45.0
17,20,30,30,1,55.714285714285715
17,20,30,30,2,62.5
17,20,30,30,3,62.5
17,30,50,50,1,51.42857142857142
17,30,50,50,2,62.857142857142854
17,30,50,50,3,62.857142857142854
17,50,100,100,1,46.07142857142857
17,50,100,100,2,62.142857142857146
17,50,100,100,3,62.142857142857146
17,100,150,150,1,57.49999999999999
17,100,150,150,2,71.78571428571429
17,100,150,150,3,71.78571428571429
17,150,200,200,1,61.42857142857143
17,150,200,200,2,75.35714285714286
17,150,200,200,3,75.35714285714286
17,200,250,250,1,67.14285714285714
17,200,250,250,2,82.5
17,200,250,250,3,82.5
17,250,300,300,1,76.07142857142857
17,250,300,300,2,85.0
17,250,300,300,3,85.0
18,10,20,20,1,36.78571428571429
18,10,20,20,2,43.214285714285715
18,10,20,20,3,43.214285714285715
18,20,30,30,1,51.07142857142857
18,20,30,30,2,58.92857142857143
18,20,30,30,3,58.92857142857143
18,30,50,50,1,55.35714285714286
18,30,50,50,2,68.21428571428572
18,30,50,50,3,68.21428571428572
18,50,100,100,1,47.5
18,50,100,100,2,62.142857142857146
18,50,100,100,3,62.142857142857146
18,100,150,150,1,61.42857142857143
18,100,150,150,2,72.14285714285714
18,100,150,150,3,72.14285714285714
18,150,200,200,1,68.57142857142857
18,150,200,200,2,78.92857142857143
18,150,200,200,3,78.92857142857143
18,200,250,250,1,67.14285714285714
18,200,250,250,2,77.85714285714286
18,200,250,250,3,77.85714285714286
18,250,300,300,1,73.21428571428571
18,250,300,300,2,83.57142857142857
18,250,300,300,3,83.57142857142857
19,10,20,20,1,39.285714285714285
19,10,20,20,2,48.57142857142857
19,10,20,20,3,48.57142857142857
19,20,30,30,1,57.85714285714286
19,20,30,30,2,66.78571428571428
19,20,30,30,3,66.78571428571428
19,30,50,50,1,46.07142857142857
19,30,50,50,2,59.64285714285714
19,30,50,50,3,59.64285714285714
19,50,100,100,1,53.57142857142857
19,50,100,100,2,67.5
19,50,100,100,3,67.5
19,100,150,150,1,56.07142857142857
19,100,150,150,2,71.78571428571429
19,100,150,150,3,71.78571428571429
19,150,200,200,1,71.07142857142857
19,150,200,200,2,84.28571428571429
19,150,200,200,3,84.28571428571429
19,200,250,250,1,72.85714285714285
19,200,250,250,2,86.07142857142858
19,200,250,250,3,86.07142857142858
19,250,300,300,1,77.5
19,250,300,300,2,85.35714285714285
19,250,300,300,3,85.35714285714285
20,10,20,20,1,35.0
20,10,20,20,2,44.285714285714285
20,10,20,20,3,44.285714285714285
20,20,30,30,1,49.28571428571429
20,20,30,30,2,59.64285714285714
20,20,30,30,3,59.64285714285714
20,30,50,50,1,49.28571428571429
20,30,50,50,2,62.5
20,30,50,50,3,62.5
20,50,100,100,1,47.5
20,50,100,100,2,63.57142857142857
20,50,100,100,3,63.57142857142857
20,100,150,150,1,63.92857142857142
20,100,150,150,2,73.92857142857143
20,100,150,150,3,73.92857142857143
20,150,200,200,1,70.0
20,150,200,200,2,79.64285714285714
20,150,200,200,3,79.64285714285714
20,200,250,250,1,67.5
20,200,250,250,2,78.21428571428571
20,200,250,250,3,78.21428571428571
20,250,300,300,1,75.71428571428571
20,250,300,300,2,83.92857142857143
20,250,300,300,3,83.92857142857143
21,10,20,20,1,36.42857142857142
21,10,20,20,2,46.42857142857143
21,10,20,20,3,46.42857142857143
21,20,30,30,1,52.85714285714286
21,20,30,30,2,60.71428571428571
21,20,30,30,3,60.71428571428571
21,30,50,50,1,51.42857142857142
21,30,50,50,2,62.142857142857146
21,30,50,50,3,62.142857142857146
21,50,100,100,1,46.785714285714285
21,50,100,100,2,58.57142857142858
21,50,100,100,3,58.57142857142858
21,100,150,150,1,63.57142857142857
21,100,150,150,2,75.35714285714286
21,100,150,150,3,75.35714285714286
21,150,200,200,1,67.5
21,150,200,200,2,78.57142857142857
21,150,200,200,3,78.57142857142857
21,200,250,250,1,68.92857142857143
21,200,250,250,2,81.78571428571428
21,200,250,250,3,81.78571428571428
21,250,300,300,1,78.21428571428571
21,250,300,300,2,87.85714285714286
21,250,300,300,3,87.85714285714286
22,10,20,20,1,36.07142857142857
22,10,20,20,2,45.357142857142854
22,10,20,20,3,45.357142857142854
22,20,30,30,1,56.07142857142857
22,20,30,30,2,64.28571428571429
22,20,30,30,3,64.28571428571429
22,30,50,50,1,50.357142857142854
22,30,50,50,2,60.71428571428571
22,30,50,50,3,60.71428571428571
22,50,100,100,1,46.07142857142857
22,50,100,100,2,60.357142857142854
22,50,100,100,3,60.357142857142854
22,100,150,150,1,58.92857142857143
22,100,150,150,2,71.07142857142857
22,100,150,150,3,71.07142857142857
22,150,200,200,1,67.5
22,150,200,200,2,76.78571428571429
22,150,200,200,3,76.78571428571429
22,200,250,250,1,71.78571428571429
22,200,250,250,2,82.85714285714286
22,200,250,250,3,82.85714285714286
22,250,300,300,1,70.0
22,250,300,300,2,80.71428571428572
22,250,300,300,3,80.71428571428572
23,10,20,20,1,35.35714285714286
23,10,20,20,2,49.28571428571429
23,10,20,20,3,49.28571428571429
23,20,30,30,1,51.42857142857142
23,20,30,30,2,62.5
23,20,30,30,3,62.5
23,30,50,50,1,48.214285714285715
23,30,50,50,2,58.92857142857143
23,30,50,50,3,58.92857142857143
23,50,100,100,1,41.785714285714285
23,50,100,100,2,57.49999999999999
23,50,100,100,3,57.49999999999999
23,100,150,150,1,61.42857142857143
23,100,150,150,2,72.14285714285714
23,100,150,150,3,72.14285714285714
23,150,200,200,1,72.5
23,150,200,200,2,81.07142857142857
23,150,200,200,3,81.07142857142857
23,200,250,250,1,68.57142857142857
23,200,250,250,2,81.07142857142857
23,200,250,250,3,81.07142857142857
23,250,300,300,1,71.78571428571429
23,250,300,300,2,79.64285714285714
23,250,300,300,3,79.64285714285714
24,10,20,20,1,43.57142857142857
24,10,20,20,2,51.78571428571429
24,10,20,20,3,51.78571428571429
24,20,30,30,1,58.214285714285715
24,20,30,30,2,67.14285714285714
24,20,30,30,3,67.14285714285714
24,30,50,50,1,52.5
24,30,50,50,2,63.21428571428571
24,30,50,50,3,63.21428571428571
24,50,100,100,1,48.214285714285715
24,50,100,100,2,62.5
24,50,100,100,3,62.5
24,100,150,150,1,58.92857142857143
24,100,150,150,2,72.14285714285714
24,100,150,150,3,72.14285714285714
24,150,200,200,1,71.42857142857143
24,150,200,200,2,79.64285714285714
24,150,200,200,3,79.64285714285714
24,200,250,250,1,73.92857142857143
24,200,250,250,2,81.42857142857143
24,200,250,250,3,81.42857142857143
24,250,300,300,1,75.0
24,250,300,300,2,85.0
24,250,300,300,3,85.0
25,10,20,20,1,41.07142857142857
25,10,20,20,2,50.0
25,10,20,20,3,50.0
25,20,30,30,1,48.92857142857142
25,20,30,30,2,57.49999999999999
25,20,30,30,3,57.49999999999999
25,30,50,50,1,45.0
25,30,50,50,2,58.214285714285715
25,30,50,50,3,58.214285714285715
25,50,100,100,1,46.785714285714285
25,50,100,100,2,62.5
25,50,100,100,3,62.5
25,100,150,150,1,58.57142857142858
25,100,150,150,2,70.35714285714286
25,100,150,150,3,70.35714285714286
25,150,200,200,1,60.357142857142854
25,150,200,200,2,75.0
25,150,200,200,3,75.0
25,200,250,250,1,70.71428571428572
25,200,250,250,2,80.35714285714286
25,200,250,250,3,80.35714285714286
25,250,300,300,1,74.64285714285714
25,250,300,300,2,85.71428571428571
25,250,300,300,3,85.71428571428571
26,10,20,20,1,37.142857142857146
26,10,20,20,2,48.214285714285715
26,10,20,20,3,48.214285714285715
26,20,30,30,1,54.285714285714285
26,20,30,30,2,62.5
26,20,30,30,3,62.5
26,30,50,50,1,46.07142857142857
26,30,50,50,2,57.85714285714286
26,30,50,50,3,57.85714285714286
26,50,100,100,1,42.857142857142854
26,50,100,100,2,60.71428571428571
26,50,100,100,3,60.71428571428571
26,100,150,150,1,63.21428571428571
26,100,150,150,2,74.28571428571429
26,100,150,150,3,74.28571428571429
26,150,200,200,1,68.57142857142857
26,150,200,200,2,79.64285714285714
26,150,200,200,3,79.64285714285714
26,200,250,250,1,76.42857142857142
26,200,250,250,2,86.07142857142858
26,200,250,250,3,86.07142857142858
26,250,300,300,1,72.5
26,250,300,300,2,82.5
26,250,300,300,3,82.5
27,10,20,20,1,39.285714285714285
27,10,20,20,2,48.92857142857142
27,10,20,20,3,48.92857142857142
27,20,30,30,1,51.42857142857142
27,20,30,30,2,60.71428571428571
27,20,30,30,3,60.71428571428571
27,30,50,50,1,48.92857142857142
27,30,50,50,2,62.142857142857146
27,30,50,50,3,62.142857142857146
27,50,100,100,1,50.71428571428571
27,50,100,100,2,61.78571428571429
27,50,100,100,3,61.78571428571429
27,100,150,150,1,59.64285714285714
27,100,150,150,2,73.21428571428571
27,100,150,150,3,73.21428571428571
27,150,200,200,1,68.21428571428572
27,150,200,200,2,82.5
27,150,200,200,3,82.5
27,200,250,250,1,70.71428571428572
27,200,250,250,2,81.78571428571428
27,200,250,250,3,81.78571428571428
27,250,300,300,1,74.28571428571429
27,250,300,300,2,86.78571428571429
27,250,300,300,3,86.78571428571429
28,10,20,20,1,37.857142857142854
28,10,20,20,2,48.92857142857142
28,10,20,20,3,48.92857142857142
28,20,30,30,1,53.214285714285715
28,20,30,30,2,62.857142857142854
28,20,30,30,3,62.857142857142854
28,30,50,50,1,41.785714285714285
28,30,50,50,2,57.49999999999999
28,30,50,50,3,57.49999999999999
28,50,100,100,1,41.785714285714285
28,50,100,100,2,58.214285714285715
28,50,100,100,3,58.214285714285715
28,100,150,150,1,55.714285714285715
28,100,150,150,2,69.28571428571428
28,100,150,150,3,69.28571428571428
28,150,200,200,1,66.42857142857143
28,150,200,200,2,77.85714285714286
28,150,200,200,3,77.85714285714286
28,200,250,250,1,69.28571428571428
28,200,250,250,2,81.07142857142857
28,200,250,250,3,81.07142857142857
28,250,300,300,1,74.64285714285714
28,250,300,300,2,83.92857142857143
28,250,300,300,3,83.92857142857143
29,10,20,20,1,34.64285714285714
29,10,20,20,2,44.642857142857146
29,10,20,20,3,44.642857142857146
29,20,30,30,1,48.214285714285715
29,20,30,30,2,60.0
29,20,30,30,3,60.0
29,30,50,50,1,51.07142857142857
29,30,50,50,2,64.64285714285715
29,30,50,50,3,64.64285714285715
29,50,100,100,1,43.92857142857143
29,50,100,100,2,61.07142857142858
29,50,100,100,3,61.07142857142858
29,100,150,150,1,57.49999999999999
29,100,150,150,2,70.35714285714286
29,100,150,150,3,70.35714285714286
29,150,200,200,1,63.57142857142857
29,150,200,200,2,76.78571428571429
29,150,200,200,3,76.78571428571429
29,200,250,250,1,66.07142857142857
29,200,250,250,2,77.14285714285715
29,200,250,250,3,77.14285714285715
29,250,300,300,1,77.5
29,250,300,300,2,84.28571428571429
29,250,300,300,3,84.28571428571429
30,10,20,20,1,36.07142857142857
30,10,20,20,2,48.214285714285715
30,10,20,20,3,48.214285714285715
30,20,30,30,1,48.214285714285715
30,20,30,30,2,58.214285714285715
30,20,30,30,3,58.214285714285715
30,30,50,50,1,47.85714285714286
30,30,50,50,2,57.85714285714286
30,30,50,50,3,57.85714285714286
30,50,100,100,1,48.92857142857142
30,50,100,100,2,64.28571428571429
30,50,100,100,3,64.28571428571429
30,100,150,150,1,59.64285714285714
30,100,150,150,2,72.14285714285714
30,100,150,150,3,72.14285714285714
30,150,200,200,1,57.14285714285714
30,150,200,200,2,71.07142857142857
30,150,200,200,3,71.07142857142857
30,200,250,250,1,67.85714285714286
30,200,250,250,2,81.42857142857143
30,200,250,250,3,81.42857142857143
30,250,300,300,1,78.57142857142857
30,250,300,300,2,88.21428571428571
30,250,300,300,3,88.21428571428571
31,10,20,20,1,36.78571428571429
31,10,20,20,2,47.14285714285714
31,10,20,20,3,47.14285714285714
31,20,30,30,1,58.92857142857143
31,20,30,30,2,68.92857142857143
31,20,30,30,3,68.92857142857143
31,30,50,50,1,52.5
31,30,50,50,2,63.21428571428571
31,30,50,50,3,63.21428571428571
31,50,100,100,1,47.14285714285714
31,50,100,100,2,61.78571428571429
31,50,100,100,3,61.78571428571429
31,100,150,150,1,59.64285714285714
31,100,150,150,2,73.92857142857143
31,100,150,150,3,73.92857142857143
31,150,200,200,1,70.0
31,150,200,200,2,82.14285714285714
31,150,200,200,3,82.14285714285714
31,200,250,250,1,72.85714285714285
31,200,250,250,2,84.28571428571429
31,200,250,250,3,84.28571428571429
31,250,300,300,1,73.92857142857143
31,250,300,300,2,83.21428571428572
31,250,300,300,3,83.21428571428572
32,10,20,20,1,33.57142857142857
32,10,20,20,2,45.357142857142854
32,10,20,20,3,45.357142857142854
32,20,30,30,1,58.57142857142858
32,20,30,30,2,66.78571428571428
32,20,30,30,3,66.78571428571428
32,30,50,50,1,52.142857142857146
32,30,50,50,2,62.857142857142854
32,30,50,50,3,62.857142857142854
32,50,100,100,1,42.5
32,50,100,100,2,56.07142857142857
32,50,100,100,3,56.07142857142857
32,100,150,150,1,51.78571428571429
32,100,150,150,2,67.85714285714286
32,100,150,150,3,67.85714285714286
32,150,200,200,1,65.0
32,150,200,200,2,74.64285714285714
32,150,200,200,3,74.64285714285714
32,200,250,250,1,71.42857142857143
32,200,250,250,2,82.5
32,200,250,250,3,82.5
32,250,300,300,1,73.21428571428571
32,250,300,300,2,84.28571428571429
32,250,300,300,3,84.28571428571429
33,10,20,20,1,36.07142857142857
33,10,20,20,2,43.92857142857143
33,10,20,20,3,43.92857142857143
33,20,30,30,1,51.07142857142857
33,20,30,30,2,59.285714285714285
33,20,30,30,3,59.285714285714285
33,30,50,50,1,43.214285714285715
33,30,50,50,2,55.00000000000001
33,30,50,50,3,55.00000000000001
33,50,100,100,1,48.92857142857142
33,50,100,100,2,62.857142857142854
33,50,100,100,3,62.857142857142854
33,100,150,150,1,59.285714285714285
33,100,150,150,2,69.64285714285714
33,100,150,150,3,69.64285714285714
33,150,200,200,1,67.85714285714286
33,150,200,200,2,78.21428571428571
33,150,200,200,3,78.21428571428571
33,200,250,250,1,71.07142857142857
33,200,250,250,2,82.14285714285714
33,200,250,250,3,82.14285714285714
33,250,300,300,1,75.35714285714286
33,250,300,300,2,85.0
33,250,300,300,3,85.0
34,10,20,20,1,35.714285714285715
34,10,20,20,2,43.214285714285715
34,10,20,20,3,43.214285714285715
34,20,30,30,1,49.28571428571429
34,20,30,30,2,58.92857142857143
34,20,30,30,3,58.92857142857143
34,30,50,50,1,49.642857142857146
34,30,50,50,2,62.142857142857146
34,30,50,50,3,62.142857142857146
34,50,100,100,1,45.0
34,50,100,100,2,63.21428571428571
34,50,100,100,3,63.21428571428571
34,100,150,150,1,60.71428571428571
34,100,150,150,2,70.71428571428572
34,100,150,150,3,70.71428571428572
34,150,200,200,1,65.0
34,150,200,200,2,77.14285714285715
34,150,200,200,3,77.14285714285715
34,200,250,250,1,72.85714285714285
34,200,250,250,2,84.64285714285714
34,200,250,250,3,84.64285714285714
34,250,300,300,1,75.71428571428571
34,250,300,300,2,86.42857142857143
34,250,300,300,3,86.42857142857143
35,10,20,20,1,36.07142857142857
35,10,20,20,2,46.42857142857143
35,10,20,20,3,46.42857142857143
35,20,30,30,1,52.85714285714286
35,20,30,30,2,62.5
35,20,30,30,3,62.5
35,30,50,50,1,45.714285714285715
35,30,50,50,2,55.35714285714286
35,30,50,50,3,55.35714285714286
35,50,100,100,1,48.214285714285715
35,50,100,100,2,59.285714285714285
35,50,100,100,3,59.285714285714285
35,100,150,150,1,63.57142857142857
35,100,150,150,2,76.07142857142857
35,100,150,150,3,76.07142857142857
35,150,200,200,1,66.42857142857143
35,150,200,200,2,78.57142857142857
35,150,200,200,3,78.57142857142857
35,200,250,250,1,71.07142857142857
35,200,250,250,2,81.78571428571428
35,200,250,250,3,81.78571428571428
35,250,300,300,1,73.57142857142858
35,250,300,300,2,85.0
35,250,300,300,3,85.0
36,10,20,20,1,34.64285714285714
36,10,20,20,2,43.57142857142857
36,10,20,20,3,43.57142857142857
36,20,30,30,1,50.357142857142854
36,20,30,30,2,60.0
36,20,30,30,3,60.0
36,30,50,50,1,55.00000000000001
36,30,50,50,2,66.78571428571428
36,30,50,50,3,66.78571428571428
36,50,100,100,1,45.714285714285715
36,50,100,100,2,61.78571428571429
36,50,100,100,3,61.78571428571429
36,100,150,150,1,66.07142857142857
36,100,150,150,2,76.42857142857142
36,100,150,150,3,76.42857142857142
36,150,200,200,1,73.21428571428571
36,150,200,200,2,85.0
36,150,200,200,3,85.0
36,200,250,250,1,73.57142857142858
36,200,250,250,2,86.78571428571429
36,200,250,250,3,86.78571428571429
36,250,300,300,1,75.71428571428571
36,250,300,300,2,85.71428571428571
36,250,300,300,3,85.71428571428571
37,10,20,20,1,40.0
37,10,20,20,2,51.78571428571429
37,10,20,20,3,51.78571428571429
37,20,30,30,1,52.5
37,20,30,30,2,60.71428571428571
37,20,30,30,3,60.71428571428571
37,30,50,50,1,52.85714285714286
37,30,50,50,2,66.42857142857143
37,30,50,50,3,66.42857142857143
37,50,100,100,1,43.92857142857143
37,50,100,100,2,60.357142857142854
37,50,100,100,3,60.357142857142854
37,100,150,150,1,64.64285714285715
37,100,150,150,2,75.71428571428571
37,100,150,150,3,75.71428571428571
37,150,200,200,1,67.85714285714286
37,150,200,200,2,81.07142857142857
37,150,200,200,3,81.07142857142857
37,200,250,250,1,71.07142857142857
37,200,250,250,2,82.5
37,200,250,250,3,82.5
37,250,300,300,1,73.92857142857143
37,250,300,300,2,87.14285714285714
37,250,300,300,3,87.14285714285714
38,10,20,20,1,38.21428571428571
38,10,20,20,2,46.785714285714285
38,10,20,20,3,46.785714285714285
38,20,30,30,1,51.78571428571429
38,20,30,30,2,62.142857142857146
38,20,30,30,3,62.142857142857146
38,30,50,50,1,51.78571428571429
38,30,50,50,2,63.21428571428571
38,30,50,50,3,63.21428571428571
38,50,100,100,1,46.785714285714285
38,50,100,100,2,62.142857142857146
38,50,100,100,3,62.142857142857146
38,100,150,150,1,58.92857142857143
38,100,150,150,2,74.64285714285714
38,100,150,150,3,74.64285714285714
38,150,200,200,1,67.14285714285714
38,150,200,200,2,77.5
38,150,200,200,3,77.5
38,200,250,250,1,70.35714285714286
38,200,250,250,2,82.85714285714286
38,200,250,250,3,82.85714285714286
38,250,300,300,1,75.0
38,250,300,300,2,83.21428571428572
38,250,300,300,3,83.21428571428572
39,10,20,20,1,36.78571428571429
39,10,20,20,2,46.42857142857143
39,10,20,20,3,46.42857142857143
39,20,30,30,1,47.14285714285714
39,20,30,30,2,61.78571428571429
39,20,30,30,3,61.78571428571429
39,30,50,50,1,49.28571428571429
39,30,50,50,2,60.357142857142854
39,30,50,50,3,60.357142857142854
39,50,100,100,1,42.857142857142854
39,50,100,100,2,60.357142857142854
39,50,100,100,3,60.357142857142854
39,100,150,150,1,58.214285714285715
39,100,150,150,2,71.78571428571429
39,100,150,150,3,71.78571428571429
39,150,200,200,1,72.14285714285714
39,150,200,200,2,80.71428571428572
39,150,200,200,3,80.71428571428572
39,200,250,250,1,70.71428571428572
39,200,250,250,2,82.5
39,200,250,250,3,82.5
39,250,300,300,1,78.21428571428571
39,250,300,300,2,87.5
39,250,300,300,3,87.5
40,10,20,20,1,39.64285714285714
40,10,20,20,2,50.0
40,10,20,20,3,50.0
40,20,30,30,1,51.78571428571429
40,20,30,30,2,61.78571428571429
40,20,30,30,3,61.78571428571429
40,30,50,50,1,50.357142857142854
40,30,50,50,2,63.21428571428571
40,30,50,50,3,63.21428571428571
40,50,100,100,1,50.0
40,50,100,100,2,65.0
40,50,100,100,3,65.0
40,100,150,150,1,58.92857142857143
40,100,150,150,2,76.78571428571429
40,100,150,150,3,76.78571428571429
40,150,200,200,1,61.42857142857143
40,150,200,200,2,77.14285714285715
40,150,200,200,3,77.14285714285715
40,200,250,250,1,69.28571428571428
40,200,250,250,2,81.07142857142857
40,200,250,250,3,81.07142857142857
40,250,300,300,1,73.57142857142858
40,250,300,300,2,85.0
40,250,300,300,3,85.0
41,10,20,20,1,36.42857142857142
41,10,20,20,2,47.14285714285714
41,10,20,20,3,47.14285714285714
41,20,30,30,1,53.214285714285715
41,20,30,30,2,61.42857142857143
41,20,30,30,3,61.42857142857143
41,30,50,50,1,51.07142857142857
41,30,50,50,2,60.71428571428571
41,30,50,50,3,60.71428571428571
41,50,100,100,1,45.714285714285715
41,50,100,100,2,61.07142857142858
41,50,100,100,3,61.07142857142858
41,100,150,150,1,60.71428571428571
41,100,150,150,2,72.5
41,100,150,150,3,72.5
41,150,200,200,1,66.42857142857143
41,150,200,200,2,81.42857142857143
41,150,200,200,3,81.42857142857143
41,200,250,250,1,73.57142857142858
41,200,250,250,2,83.21428571428572
41,200,250,250,3,83.21428571428572
41,250,300,300,1,77.14285714285715
41,250,300,300,2,86.42857142857143
41,250,300,300,3,86.42857142857143
42,10,20,20,1,36.78571428571429
42,10,20,20,2,47.5
42,10,20,20,3,47.5
42,20,30,30,1,46.07142857142857
42,20,30,30,2,58.57142857142858
42,20,30,30,3,58.57142857142858
42,30,50,50,1,45.0
42,30,50,50,2,58.214285714285715
42,30,50,50,3,58.214285714285715
42,50,100,100,1,48.214285714285715
42,50,100,100,2,65.35714285714286
42,50,100,100,3,65.35714285714286
42,100,150,150,1,54.64285714285714
42,100,150,150,2,67.85714285714286
42,100,150,150,3,67.85714285714286
42,150,200,200,1,62.857142857142854
42,150,200,200,2,75.71428571428571
42,150,200,200,3,75.71428571428571
42,200,250,250,1,70.35714285714286
42,200,250,250,2,81.07142857142857
42,200,250,250,3,81.07142857142857
42,250,300,300,1,76.78571428571429
42,250,300,300,2,85.71428571428571
42,250,300,300,3,85.71428571428571
43,10,20,20,1,39.285714285714285
43,10,20,20,2,47.5
43,10,20,20,3,47.5
43,20,30,30,1,45.357142857142854
43,20,30,30,2,55.714285714285715
43,20,30,30,3,55.714285714285715
43,30,50,50,1,45.0
43,30,50,50,2,59.285714285714285
43,30,50,50,3,59.285714285714285
43,50,100,100,1,46.42857142857143
43,50,100,100,2,61.07142857142858
43,50,100,100,3,61.07142857142858
43,100,150,150,1,57.49999999999999
43,100,150,150,2,71.78571428571429
43,100,150,150,3,71.78571428571429
43,150,200,200,1,63.21428571428571
43,150,200,200,2,72.14285714285714
43,150,200,200,3,72.14285714285714
43,200,250,250,1,70.71428571428572
43,200,250,250,2,82.14285714285714
43,200,250,250,3,82.14285714285714
43,250,300,300,1,74.28571428571429
43,250,300,300,2,86.07142857142858
43,250,300,300,3,86.07142857142858
44,10,20,20,1,36.78571428571429
44,10,20,20,2,45.714285714285715
44,10,20,20,3,45.714285714285715
44,20,30,30,1,53.214285714285715
44,20,30,30,2,61.78571428571429
44,20,30,30,3,61.78571428571429
44,30,50,50,1,51.07142857142857
44,30,50,50,2,63.21428571428571
44,30,50,50,3,63.21428571428571
44,50,100,100,1,48.214285714285715
44,50,100,100,2,63.92857142857142
44,50,100,100,3,63.92857142857142
44,100,150,150,1,58.214285714285715
44,100,150,150,2,72.14285714285714
44,100,150,150,3,72.14285714285714
44,150,200,200,1,64.28571428571429
44,150,200,200,2,81.07142857142857
44,150,200,200,3,81.07142857142857
44,200,250,250,1,70.0
44,200,250,250,2,83.21428571428572
44,200,250,250,3,83.21428571428572
44,250,300,300,1,73.57142857142858
44,250,300,300,2,83.92857142857143
44,250,300,300,3,83.92857142857143
45,10,20,20,1,36.42857142857142
45,10,20,20,2,43.57142857142857
45,10,20,20,3,43.57142857142857
45,20,30,30,1,46.785714285714285
45,20,30,30,2,56.42857142857143
45,20,30,30,3,56.42857142857143
45,30,50,50,1,46.07142857142857
45,30,50,50,2,61.42857142857143
45,30,50,50,3,61.42857142857143
45,50,100,100,1,47.5
45,50,100,100,2,62.857142857142854
45,50,100,100,3,62.857142857142854
45,100,150,150,1,57.14285714285714
45,100,150,150,2,68.57142857142857
45,100,150,150,3,68.57142857142857
45,150,200,200,1,63.21428571428571
45,150,200,200,2,75.0
45,150,200,200,3,75.0
45,200,250,250,1,73.92857142857143
45,200,250,250,2,84.64285714285714
45,200,250,250,3,84.64285714285714
45,250,300,300,1,71.78571428571429
45,250,300,300,2,83.21428571428572
45,250,300,300,3,83.21428571428572
46,10,20,20,1,42.857142857142854
46,10,20,20,2,50.357142857142854
46,10,20,20,3,50.357142857142854
46,20,30,30,1,50.71428571428571
46,20,30,30,2,60.357142857142854
46,20,30,30,3,60.357142857142854
46,30,50,50,1,52.85714285714286
46,30,50,50,2,65.71428571428571
46,30,50,50,3,65.71428571428571
46,50,100,100,1,45.357142857142854
46,50,100,100,2,62.5
46,50,100,100,3,62.5
46,100,150,150,1,62.5
46,100,150,150,2,75.71428571428571
46,100,150,150,3,75.71428571428571
46,150,200,200,1,66.42857142857143
46,150,200,200,2,77.85714285714286
46,150,200,200,3,77.85714285714286
46,200,250,250,1,71.07142857142857
46,200,250,250,2,84.64285714285714
46,200,250,250,3,84.64285714285714
46,250,300,300,1,70.71428571428572
46,250,300,300,2,83.21428571428572
46,250,300,300,3,83.21428571428572
47,10,20,20,1,35.714285714285715
47,10,20,20,2,46.42857142857143
47,10,20,20,3,46.42857142857143
47,20,30,30,1,48.57142857142857
47,20,30,30,2,58.57142857142858
47,20,30,30,3,58.57142857142858
47,30,50,50,1,49.28571428571429
47,30,50,50,2,61.07142857142858
47,30,50,50,3,61.07142857142858
47,50,100,100,1,46.785714285714285
47,50,100,100,2,62.142857142857146
47,50,100,100,3,62.142857142857146
47,100,150,150,1,58.214285714285715
47,100,150,150,2,72.5
47,100,150,150,3,72.5
47,150,200,200,1,64.64285714285715
47,150,200,200,2,77.14285714285715
47,150,200,200,3,77.14285714285715
47,200,250,250,1,72.85714285714285
47,200,250,250,2,82.85714285714286
47,200,250,250,3,82.85714285714286
47,250,300,300,1,71.42857142857143
47,250,300,300,2,85.71428571428571
47,250,300,300,3,85.71428571428571
48,10,20,20,1,31.428571428571427
48,10,20,20,2,43.214285714285715
48,10,20,20,3,43.214285714285715
48,20,30,30,1,49.642857142857146
48,20,30,30,2,60.0
48,20,30,30,3,60.0
48,30,50,50,1,47.14285714285714
48,30,50,50,2,58.57142857142858
48,30,50,50,3,58.57142857142858
48,50,100,100,1,49.642857142857146
48,50,100,100,2,66.07142857142857
48,50,100,100,3,66.07142857142857
48,100,150,150,1,63.57142857142857
48,100,150,150,2,77.85714285714286
48,100,150,150,3,77.85714285714286
48,150,200,200,1,68.21428571428572
48,150,200,200,2,82.14285714285714
48,150,200,200,3,82.14285714285714
48,200,250,250,1,69.64285714285714
48,200,250,250,2,81.07142857142857
48,200,250,250,3,81.07142857142857
48,250,300,300,1,74.28571428571429
48,250,300,300,2,86.07142857142858
48,250,300,300,3,86.07142857142858
49,10,20,20,1,35.0
49,10,20,20,2,45.0
49,10,20,20,3,45.0
49,20,30,30,1,56.42857142857143
49,20,30,30,2,63.57142857142857
49,20,30,30,3,63.57142857142857
49,30,50,50,1,50.0
49,30,50,50,2,61.07142857142858
49,30,50,50,3,61.07142857142858
49,50,100,100,1,42.142857142857146
49,50,100,100,2,61.42857142857143
49,50,100,100,3,61.42857142857143
49,100,150,150,1,60.357142857142854
49,100,150,150,2,75.35714285714286
49,100,150,150,3,75.35714285714286
49,150,200,200,1,60.0
49,150,200,200,2,74.28571428571429
49,150,200,200,3,74.28571428571429
49,200,250,250,1,70.71428571428572
49,200,250,250,2,84.28571428571429
49,200,250,250,3,84.28571428571429
49,250,300,300,1,72.85714285714285
49,250,300,300,2,82.14285714285714
49,250,300,300,3,82.14285714285714
50,10,20,20,1,33.214285714285715
50,10,20,20,2,43.57142857142857
50,10,20,20,3,43.57142857142857
50,20,30,30,1,50.357142857142854
50,20,30,30,2,61.07142857142858
50,20,30,30,3,61.07142857142858
50,30,50,50,1,52.142857142857146
50,30,50,50,2,64.28571428571429
50,30,50,50,3,64.28571428571429
50,50,100,100,1,52.85714285714286
50,50,100,100,2,70.35714285714286
50,50,100,100,3,70.35714285714286
50,100,150,150,1,57.85714285714286
50,100,150,150,2,73.92857142857143
50,100,150,150,3,73.92857142857143
50,150,200,200,1,63.57142857142857
50,150,200,200,2,76.42857142857142
50,150,200,200,3,76.42857142857142
50,200,250,250,1,72.5
50,200,250,250,2,82.14285714285714
50,200,250,250,3,82.14285714285714
50,250,300,300,1,78.21428571428571
50,250,300,300,2,85.71428571428571
50,250,300,300,3,85.71428571428571
51,10,20,20,1,31.785714285714285
51,10,20,20,2,43.92857142857143
51,10,20,20,3,43.92857142857143
51,20,30,30,1,46.42857142857143
51,20,30,30,2,56.785714285714285
51,20,30,30,3,56.785714285714285
51,30,50,50,1,48.92857142857142
51,30,50,50,2,61.42857142857143
51,30,50,50,3,61.42857142857143
51,50,100,100,1,48.57142857142857
51,50,100,100,2,60.0
51,50,100,100,3,60.0
51,100,150,150,1,59.64285714285714
51,100,150,150,2,70.35714285714286
51,100,150,150,3,70.35714285714286
51,150,200,200,1,64.64285714285715
51,150,200,200,2,77.5
51,150,200,200,3,77.5
51,200,250,250,1,69.64285714285714
51,200,250,250,2,79.28571428571428
51,200,250,250,3,79.28571428571428
51,250,300,300,1,72.5
51,250,300,300,2,81.42857142857143
51,250,300,300,3,81.42857142857143
52,10,20,20,1,35.0
52,10,20,20,2,43.92857142857143
52,10,20,20,3,43.92857142857143
52,20,30,30,1,53.57142857142857
52,20,30,30,2,64.64285714285715
52,20,30,30,3,64.64285714285715
52,30,50,50,1,47.14285714285714
52,30,50,50,2,57.85714285714286
52,30,50,50,3,57.85714285714286
52,50,100,100,1,48.57142857142857
52,50,100,100,2,60.357142857142854
52,50,100,100,3,60.357142857142854
52,100,150,150,1,58.214285714285715
52,100,150,150,2,73.21428571428571
52,100,150,150,3,73.21428571428571
52,150,200,200,1,69.28571428571428
52,150,200,200,2,78.57142857142857
52,150,200,200,3,78.57142857142857
52,200,250,250,1,69.64285714285714
52,200,250,250,2,82.5
52,200,250,250,3,82.5
52,250,300,300,1,78.21428571428571
52,250,300,300,2,83.92857142857143
52,250,300,300,3,83.92857142857143
53,10,20,20,1,38.21428571428571
53,10,20,20,2,47.85714285714286
53,10,20,20,3,47.85714285714286
53,20,30,30,1,52.5
53,20,30,30,2,60.0
53,20,30,30,3,60.0
53,30,50,50,1,52.142857142857146
53,30,50,50,2,66.78571428571428
53,30,50,50,3,66.78571428571428
53,50,100,100,1,48.214285714285715
53,50,100,100,2,62.142857142857146
53,50,100,100,3,62.142857142857146
53,100,150,150,1,59.64285714285714
53,100,150,150,2,71.78571428571429
53,100,150,150,3,71.78571428571429
53,150,200,200,1,68.21428571428572
53,150,200,200,2,80.71428571428572
53,150,200,200,3,80.71428571428572
53,200,250,250,1,72.5
53,200,250,250,2,84.28571428571429
53,200,250,250,3,84.28571428571429
53,250,300,300,1,75.0
53,250,300,300,2,82.5
53,250,300,300,3,82.5
54,10,20,20,1,37.857142857142854
54,10,20,20,2,47.14285714285714
54,10,20,20,3,47.14285714285714
54,20,30,30,1,51.42857142857142
54,20,30,30,2,62.857142857142854
54,20,30,30,3,62.857142857142854
54,30,50,50,1,50.0
54,30,50,50,2,59.285714285714285
54,30,50,50,3,59.285714285714285
54,50,100,100,1,46.785714285714285
54,50,100,100,2,61.07142857142858
54,50,100,100,3,61.07142857142858
54,100,150,150,1,58.92857142857143
54,100,150,150,2,71.07142857142857
54,100,150,150,3,71.07142857142857
54,150,200,200,1,63.92857142857142
54,150,200,200,2,78.21428571428571
54,150,200,200,3,78.21428571428571
54,200,250,250,1,68.92857142857143
54,200,250,250,2,83.57142857142857
54,200,250,250,3,83.57142857142857
54,250,300,300,1,75.71428571428571
54,250,300,300,2,86.07142857142858
54,250,300,300,3,86.07142857142858
55,10,20,20,1,31.428571428571427
55,10,20,20,2,41.785714285714285
55,10,20,20,3,41.785714285714285
55,20,30,30,1,52.5
55,20,30,30,2,63.21428571428571
55,20,30,30,3,63.21428571428571
55,30,50,50,1,52.142857142857146
55,30,50,50,2,64.28571428571429
55,30,50,50,3,64.28571428571429
55,50,100,100,1,44.285714285714285
55,50,100,100,2,60.0
55,50,100,100,3,60.0
55,100,150,150,1,58.92857142857143
55,100,150,150,2,70.0
55,100,150,150,3,70.0
55,150,200,200,1,60.71428571428571
55,150,200,200,2,75.0
55,150,200,200,3,75.0
55,200,250,250,1,73.57142857142858
55,200,250,250,2,83.92857142857143
55,200,250,250,3,83.92857142857143
55,250,300,300,1,75.35714285714286
55,250,300,300,2,90.35714285714286
55,250,300,300,3,90.35714285714286
56,10,20,20,1,38.21428571428571
56,10,20,20,2,48.92857142857142
56,10,20,20,3,48.92857142857142
56,20,30,30,1,55.00000000000001
56,20,30,30,2,61.78571428571429
56,20,30,30,3,61.78571428571429
56,30,50,50,1,53.214285714285715
56,30,50,50,2,63.21428571428571
56,30,50,50,3,63.21428571428571
56,50,100,100,1,47.14285714285714
56,50,100,100,2,63.57142857142857
56,50,100,100,3,63.57142857142857
56,100,150,150,1,62.857142857142854
56,100,150,150,2,77.14285714285715
56,100,150,150,3,77.14285714285715
56,150,200,200,1,70.0
56,150,200,200,2,81.78571428571428
56,150,200,200,3,81.78571428571428
56,200,250,250,1,65.71428571428571
56,200,250,250,2,79.64285714285714
56,200,250,250,3,79.64285714285714
56,250,300,300,1,71.42857142857143
56,250,300,300,2,83.92857142857143
56,250,300,300,3,83.92857142857143
57,10,20,20,1,34.64285714285714
57,10,20,20,2,45.714285714285715
57,10,20,20,3,45.714285714285715
57,20,30,30,1,46.785714285714285
57,20,30,30,2,58.57142857142858
57,20,30,30,3,58.57142857142858
57,30,50,50,1,50.357142857142854
57,30,50,50,2,65.71428571428571
57,30,50,50,3,65.71428571428571
57,50,100,100,1,42.142857142857146
57,50,100,100,2,57.85714285714286
57,50,100,100,3,57.85714285714286
57,100,150,150,1,55.00000000000001
57,100,150,150,2,72.5
57,100,150,150,3,72.5
57,150,200,200,1,68.21428571428572
57,150,200,200,2,79.64285714285714
57,150,200,200,3,79.64285714285714
57,200,250,250,1,72.85714285714285
57,200,250,250,2,81.42857142857143
57,200,250,250,3,81.42857142857143
57,250,300,300,1,73.57142857142858
57,250,300,300,2,87.14285714285714
57,250,300,300,3,87.14285714285714
58,10,20,20,1,33.92857142857143
58,10,20,20,2,43.214285714285715
58,10,20,20,3,43.214285714285715
58,20,30,30,1,50.357142857142854
58,20,30,30,2,58.214285714285715
58,20,30,30,3,58.214285714285715
58,30,50,50,1,52.142857142857146
58,30,50,50,2,64.64285714285715
58,30,50,50,3,64.64285714285715
58,50,100,100,1,45.0
58,50,100,100,2,59.64285714285714
58,50,100,100,3,59.64285714285714
58,100,150,150,1,63.57142857142857
58,100,150,150,2,73.57142857142858
58,100,150,150,3,73.57142857142858
58,150,200,200,1,71.42857142857143
58,150,200,200,2,83.92857142857143
58,150,200,200,3,83.92857142857143
58,200,250,250,1,71.42857142857143
58,200,250,250,2,83.92857142857143
58,200,250,250,3,83.92857142857143
58,250,300,300,1,73.92857142857143
58,250,300,300,2,85.0
58,250,300,300,3,85.0
59,10,20,20,1,35.0
59,10,20,20,2,47.14285714285714
59,10,20,20,3,47.14285714285714
59,20,30,30,1,52.85714285714286
59,20,30,30,2,62.5
59,20,30,30,3,62.5
59,30,50,50,1,51.07142857142857
59,30,50,50,2,63.21428571428571
59,30,50,50,3,63.21428571428571
59,50,100,100,1,48.92857142857142
59,50,100,100,2,62.857142857142854
59,50,100,100,3,62.857142857142854
59,100,150,150,1,63.21428571428571
59,100,150,150,2,75.35714285714286
59,100,150,150,3,75.35714285714286
59,150,200,200,1,65.0
59,150,200,200,2,77.14285714285715
59,150,200,200,3,77.14285714285715
59,200,250,250,1,70.71428571428572
59,200,250,250,2,82.5
59,200,250,250,3,82.5
59,250,300,300,1,75.35714285714286
59,250,300,300,2,83.57142857142857
59,250,300,300,3,83.57142857142857
60,10,20,20,1,34.285714285714285
60,10,20,20,2,45.714285714285715
60,10,20,20,3,45.714285714285715
60,20,30,30,1,52.142857142857146
60,20,30,30,2,62.857142857142854
60,20,30,30,3,62.857142857142854
60,30,50,50,1,46.785714285714285
60,30,50,50,2,60.0
60,30,50,50,3,60.0
60,50,100,100,1,45.714285714285715
60,50,100,100,2,60.357142857142854
60,50,100,100,3,60.357142857142854
60,100,150,150,1,56.785714285714285
60,100,150,150,2,68.92857142857143
60,100,150,150,3,68.92857142857143
60,150,200,200,1,69.64285714285714
60,150,200,200,2,79.64285714285714
60,150,200,200,3,79.64285714285714
60,200,250,250,1,73.21428571428571
60,200,250,250,2,83.21428571428572
60,200,250,250,3,83.21428571428572
60,250,300,300,1,75.0
60,250,300,300,2,85.71428571428571
60,250,300,300,3,85.71428571428571
61,10,20,20,1,38.57142857142858
61,10,20,20,2,48.92857142857142
61,10,20,20,3,48.92857142857142
61,20,30,30,1,52.142857142857146
61,20,30,30,2,57.49999999999999
61,20,30,30,3,57.49999999999999
61,30,50,50,1,47.5
61,30,50,50,2,61.42857142857143
61,30,50,50,3,61.42857142857143
61,50,100,100,1,47.14285714285714
61,50,100,100,2,56.07142857142857
61,50,100,100,3,56.07142857142857
61,100,150,150,1,61.78571428571429
61,100,150,150,2,72.5
61,100,150,150,3,72.5
61,150,200,200,1,68.92857142857143
61,150,200,200,2,81.07142857142857
61,150,200,200,3,81.07142857142857
61,200,250,250,1,68.57142857142857
61,200,250,250,2,80.0
61,200,250,250,3,80.0
61,250,300,300,1,71.78571428571429
61,250,300,300,2,82.5
61,250,300,300,3,82.5
62,10,20,20,1,36.07142857142857
62,10,20,20,2,47.14285714285714
62,10,20,20,3,47.14285714285714
62,20,30,30,1,57.49999999999999
62,20,30,30,2,65.71428571428571
62,20,30,30,3,65.71428571428571
62,30,50,50,1,53.92857142857142
62,30,50,50,2,65.35714285714286
62,30,50,50,3,65.35714285714286
62,50,100,100,1,49.642857142857146
62,50,100,100,2,63.92857142857142
62,50,100,100,3,63.92857142857142
62,100,150,150,1,62.5
62,100,150,150,2,76.42857142857142
62,100,150,150,3,76.42857142857142
62,150,200,200,1,66.42857142857143
62,150,200,200,2,79.64285714285714
62,150,200,200,3,79.64285714285714
62,200,250,250,1,73.57142857142858
62,200,250,250,2,82.5
62,200,250,250,3,82.5
62,250,300,300,1,74.28571428571429
62,250,300,300,2,84.64285714285714
62,250,300,300,3,84.64285714285714
63,10,20,20,1,35.0
63,10,20,20,2,43.57142857142857
63,10,20,20,3,43.57142857142857
63,20,30,30,1,45.0
63,20,30,30,2,53.92857142857142
63,20,30,30,3,53.92857142857142
63,30,50,50,1,50.0
63,30,50,50,2,60.71428571428571
63,30,50,50,3,60.71428571428571
63,50,100,100,1,43.57142857142857
63,50,100,100,2,59.285714285714285
63,50,100,100,3,59.285714285714285
63,100,150,150,1,57.14285714285714
63,100,150,150,2,71.07142857142857
63,100,150,150,3,71.07142857142857
63,150,200,200,1,67.5
63,150,200,200,2,78.92857142857143
63,150,200,200,3,78.92857142857143
63,200,250,250,1,71.42857142857143
63,200,250,250,2,81.42857142857143
63,200,250,250,3,81.42857142857143
63,250,300,300,1,78.92857142857143
63,250,300,300,2,86.78571428571429
63,250,300,300,3,86.78571428571429
64,10,20,20,1,35.0
64,10,20,20,2,41.42857142857143
64,10,20,20,3,41.42857142857143
64,20,30,30,1,50.71428571428571
64,20,30,30,2,58.92857142857143
64,20,30,30,3,58.92857142857143
64,30,50,50,1,48.214285714285715
64,30,50,50,2,61.07142857142858
64,30,50,50,3,61.07142857142858
64,50,100,100,1,49.28571428571429
64,50,100,100,2,63.92857142857142
64,50,100,100,3,63.92857142857142
64,100,150,150,1,61.78571428571429
64,100,150,150,2,73.21428571428571
64,100,150,150,3,73.21428571428571
64,150,200,200,1,65.0
64,150,200,200,2,79.28571428571428
64,150,200,200,3,79.28571428571428
64,200,250,250,1,70.0
64,200,250,250,2,81.42857142857143
64,200,250,250,3,81.42857142857143
64,250,300,300,1,74.28571428571429
64,250,300,300,2,83.57142857142857
64,250,300,300,3,83.57142857142857
65,10,20,20,1,40.714285714285715
65,10,20,20,2,52.142857142857146
65,10,20,20,3,52.142857142857146
65,20,30,30,1,51.07142857142857
65,20,30,30,2,60.0
65,20,30,30,3,60.0
65,30,50,50,1,50.357142857142854
65,30,50,50,2,63.21428571428571
65,30,50,50,3,63.21428571428571
65,50,100,100,1,42.857142857142854
65,50,100,100,2,58.57142857142858
65,50,100,100,3,58.57142857142858
65,100,150,150,1,60.357142857142854
65,100,150,150,2,74.64285714285714
65,100,150,150,3,74.64285714285714
65,150,200,200,1,60.71428571428571
65,150,200,200,2,73.57142857142858
65,150,200,200,3,73.57142857142858
65,200,250,250,1,68.21428571428572
65,200,250,250,2,81.78571428571428
65,200,250,250,3,81.78571428571428
65,250,300,300,1,74.64285714285714
65,250,300,300,2,87.5
65,250,300,300,3,87.5
66,10,20,20,1,36.78571428571429
66,10,20,20,2,45.357142857142854
66,10,20,20,3,45.357142857142854
66,20,30,30,1,54.64285714285714
66,20,30,30,2,64.28571428571429
66,20,30,30,3,64.28571428571429
66,30,50,50,1,46.785714285714285
66,30,50,50,2,59.285714285714285
66,30,50,50,3,59.285714285714285
66,50,100,100,1,44.285714285714285
66,50,100,100,2,59.64285714285714
66,50,100,100,3,59.64285714285714
66,100,150,150,1,59.285714285714285
66,100,150,150,2,72.14285714285714
66,100,150,150,3,72.14285714285714
66,150,200,200,1,68.21428571428572
66,150,200,200,2,79.28571428571428
66,150,200,200,3,79.28571428571428
66,200,250,250,1,72.85714285714285
66,200,250,250,2,85.35714285714285
66,200,250,250,3,85.35714285714285
66,250,300,300,1,74.64285714285714
66,250,300,300,2,85.35714285714285
66,250,300,300,3,85.35714285714285
67,10,20,20,1,41.785714285714285
67,10,20,20,2,50.357142857142854
67,10,20,20,3,50.357142857142854
67,20,30,30,1,50.71428571428571
67,20,30,30,2,60.0
67,20,30,30,3,60.0
67,30,50,50,1,48.57142857142857
67,30,50,50,2,58.57142857142858
67,30,50,50,3,58.57142857142858
67,50,100,100,1,47.85714285714286
67,50,100,100,2,62.857142857142854
67,50,100,100,3,62.857142857142854
67,100,150,150,1,56.785714285714285
67,100,150,150,2,71.07142857142857
67,100,150,150,3,71.07142857142857
67,150,200,200,1,64.64285714285715
67,150,200,200,2,76.42857142857142
67,150,200,200,3,76.42857142857142
67,200,250,250,1,70.35714285714286
67,200,250,250,2,81.42857142857143
67,200,250,250,3,81.42857142857143
67,250,300,300,1,72.5
67,250,300,300,2,85.0
67,250,300,300,3,85.0
68,10,20,20,1,38.57142857142858
68,10,20,20,2,47.85714285714286
68,10,20,20,3,47.85714285714286
68,20,30,30,1,53.57142857142857
68,20,30,30,2,63.92857142857142
68,20,30,30,3,63.92857142857142
68,30,50,50,1,55.00000000000001
68,30,50,50,2,64.64285714285715
68,30,50,50,3,64.64285714285715
68,50,100,100,1,49.642857142857146
68,50,100,100,2,62.857142857142854
68,50,100,100,3,62.857142857142854
68,100,150,150,1,57.85714285714286
68,100,150,150,2,74.28571428571429
68,100,150,150,3,74.28571428571429
68,150,200,200,1,65.0
68,150,200,200,2,78.21428571428571
68,150,200,200,3,78.21428571428571
68,200,250,250,1,69.28571428571428
68,200,250,250,2,81.07142857142857
68,200,250,250,3,81.07142857142857
68,250,300,300,1,75.35714285714286
68,250,300,300,2,86.78571428571429
68,250,300,300,3,86.78571428571429
69,10,20,20,1,33.92857142857143
69,10,20,20,2,43.92857142857143
69,10,20,20,3,43.92857142857143
69,20,30,30,1,51.07142857142857
69,20,30,30,2,62.142857142857146
69,20,30,30,3,62.142857142857146
69,30,50,50,1,49.28571428571429
69,30,50,50,2,62.857142857142854
69,30,50,50,3,62.857142857142854
69,50,100,100,1,52.5
69,50,100,100,2,61.78571428571429
69,50,100,100,3,61.78571428571429
69,100,150,150,1,58.92857142857143
69,100,150,150,2,70.71428571428572
69,100,150,150,3,70.71428571428572
69,150,200,200,1,66.78571428571428
69,150,200,200,2,78.92857142857143
69,150,200,200,3,78.92857142857143
69,200,250,250,1,70.35714285714286
69,200,250,250,2,80.0
69,200,250,250,3,80.0
69,250,300,300,1,74.64285714285714
69,250,300,300,2,86.07142857142858
69,250,300,300,3,86.07142857142858
70,10,20,20,1,36.42857142857142
70,10,20,20,2,47.5
70,10,20,20,3,47.5
70,20,30,30,1,50.71428571428571
70,20,30,30,2,62.857142857142854
70,20,30,30,3,62.857142857142854
70,30,50,50,1,46.07142857142857
70,30,50,50,2,60.71428571428571
70,30,50,50,3,60.71428571428571
70,50,100,100,1,45.714285714285715
70,50,100,100,2,60.0
70,50,100,100,3,60.0
70,100,150,150,1,58.57142857142858
70,100,150,150,2,72.5
70,100,150,150,3,72.5
70,150,200,200,1,67.5
70,150,200,200,2,81.07142857142857
70,150,200,200,3,81.07142857142857
70,200,250,250,1,71.07142857142857
70,200,250,250,2,81.78571428571428
70,200,250,250,3,81.78571428571428
70,250,300,300,1,72.5
70,250,300,300,2,84.28571428571429
70,250,300,300,3,84.28571428571429
71,10,20,20,1,37.142857142857146
71,10,20,20,2,44.642857142857146
71,10,20,20,3,44.642857142857146
71,20,30,30,1,51.42857142857142
71,20,30,30,2,62.142857142857146
71,20,30,30,3,62.142857142857146
71,30,50,50,1,50.71428571428571
71,30,50,50,2,66.07142857142857
71,30,50,50,3,66.07142857142857
71,50,100,100,1,42.857142857142854
71,50,100,100,2,61.07142857142858
71,50,100,100,3,61.07142857142858
71,100,150,150,1,58.92857142857143
71,100,150,150,2,73.92857142857143
71,100,150,150,3,73.92857142857143
71,150,200,200,1,67.14285714285714
71,150,200,200,2,79.64285714285714
71,150,200,200,3,79.64285714285714
71,200,250,250,1,73.21428571428571
71,200,250,250,2,82.5
71,200,250,250,3,82.5
71,250,300,300,1,74.28571428571429
71,250,300,300,2,83.21428571428572
71,250,300,300,3,83.21428571428572
72,10,20,20,1,41.07142857142857
72,10,20,20,2,50.0
72,10,20,20,3,50.0
72,20,30,30,1,52.142857142857146
72,20,30,30,2,61.42857142857143
72,20,30,30,3,61.42857142857143
72,30,50,50,1,50.71428571428571
72,30,50,50,2,62.857142857142854
72,30,50,50,3,62.857142857142854
72,50,100,100,1,47.5
72,50,100,100,2,63.21428571428571
72,50,100,100,3,63.21428571428571
72,100,150,150,1,62.857142857142854
72,100,150,150,2,74.28571428571429
72,100,150,150,3,74.28571428571429
72,150,200,200,1,66.78571428571428
72,150,200,200,2,79.64285714285714
72,150,200,200,3,79.64285714285714
72,200,250,250,1,69.28571428571428
72,200,250,250,2,80.71428571428572
72,200,250,250,3,80.71428571428572
72,250,300,300,1,74.28571428571429
72,250,300,300,2,83.21428571428572
72,250,300,300,3,83.21428571428572
73,10,20,20,1,33.214285714285715
73,10,20,20,2,41.785714285714285
73,10,20,20,3,41.785714285714285
73,20,30,30,1,52.5
73,20,30,30,2,63.57142857142857
73,20,30,30,3,63.57142857142857
73,30,50,50,1,47.85714285714286
73,30,50,50,2,59.64285714285714
73,30,50,50,3,59.64285714285714
73,50,100,100,1,47.5
73,50,100,100,2,61.07142857142858
73,50,100,100,3,61.07142857142858
73,100,150,150,1,60.0
73,100,150,150,2,73.57142857142858
73,100,150,150,3,73.57142857142858
73,150,200,200,1,62.5
73,150,200,200,2,76.07142857142857
73,150,200,200,3,76.07142857142857
73,200,250,250,1,74.28571428571429
73,200,250,250,2,83.21428571428572
73,200,250,250,3,83.21428571428572
73,250,300,300,1,73.92857142857143
73,250,300,300,2,82.85714285714286
73,250,300,300,3,82.85714285714286
74,10,20,20,1,38.21428571428571
74,10,20,20,2,47.85714285714286
74,10,20,20,3,47.85714285714286
74,20,30,30,1,47.14285714285714
74,20,30,30,2,56.07142857142857
74,20,30,30,3,56.07142857142857
74,30,50,50,1,48.92857142857142
74,30,50,50,2,62.5
74,30,50,50,3,62.5
74,50,100,100,1,45.0
74,50,100,100,2,57.85714285714286
74,50,100,100,3,57.85714285714286
74,100,150,150,1,58.57142857142858
74,100,150,150,2,71.42857142857143
74,100,150,150,3,71.42857142857143
74,150,200,200,1,62.5
74,150,200,200,2,76.78571428571429
74,150,200,200,3,76.78571428571429
74,200,250,250,1,72.85714285714285
74,200,250,250,2,82.14285714285714
74,200,250,250,3,82.14285714285714
74,250,300,300,1,80.71428571428572
74,250,300,300,2,88.57142857142857
74,250,300,300,3,88.57142857142857
75,10,20,20,1,34.64285714285714
75,10,20,20,2,44.642857142857146
75,10,20,20,3,44.642857142857146
75,20,30,30,1,47.85714285714286
75,20,30,30,2,57.14285714285714
75,20,30,30,3,57.14285714285714
75,30,50,50,1,47.5
75,30,50,50,2,60.0
75,30,50,50,3,60.0
75,50,100,100,1,49.28571428571429
75,50,100,100,2,64.28571428571429
75,50,100,100,3,64.28571428571429
75,100,150,150,1,59.64285714285714
75,100,150,150,2,75.71428571428571
75,100,150,150,3,75.71428571428571
75,150,200,200,1,67.14285714285714
75,150,200,200,2,80.0
75,150,200,200,3,80.0
75,200,250,250,1,70.35714285714286
75,200,250,250,2,81.07142857142857
75,200,250,250,3,81.07142857142857
75,250,300,300,1,77.14285714285715
75,250,300,300,2,88.92857142857142
75,250,300,300,3,88.92857142857142
76,10,20,20,1,39.285714285714285
76,10,20,20,2,50.357142857142854
76,10,20,20,3,50.357142857142854
76,20,30,30,1,48.92857142857142
76,20,30,30,2,58.92857142857143
76,20,30,30,3,58.92857142857143
76,30,50,50,1,48.57142857142857
76,30,50,50,2,63.21428571428571
76,30,50,50,3,63.21428571428571
76,50,100,100,1,46.42857142857143
76,50,100,100,2,62.857142857142854
76,50,100,100,3,62.857142857142854
76,100,150,150,1,61.78571428571429
76,100,150,150,2,75.35714285714286
76,100,150,150,3,75.35714285714286
76,150,200,200,1,65.0
76,150,200,200,2,79.64285714285714
76,150,200,200,3,79.64285714285714
76,200,250,250,1,67.5
76,200,250,250,2,82.85714285714286
76,200,250,250,3,82.85714285714286
76,250,300,300,1,72.14285714285714
76,250,300,300,2,84.64285714285714
76,250,300,300,3,84.64285714285714
77,10,20,20,1,36.78571428571429
77,10,20,20,2,47.85714285714286
77,10,20,20,3,47.85714285714286
77,20,30,30,1,54.285714285714285
77,20,30,30,2,62.142857142857146
77,20,30,30,3,62.142857142857146
77,30,50,50,1,49.28571428571429
77,30,50,50,2,61.78571428571429
77,30,50,50,3,61.78571428571429
77,50,100,100,1,45.357142857142854
77,50,100,100,2,62.5
77,50,100,100,3,62.5
77,100,150,150,1,61.07142857142858
77,100,150,150,2,73.92857142857143
77,100,150,150,3,73.92857142857143
77,150,200,200,1,68.92857142857143
77,150,200,200,2,81.07142857142857
77,150,200,200,3,81.07142857142857
77,200,250,250,1,65.0
77,200,250,250,2,81.07142857142857
77,200,250,250,3,81.07142857142857
77,250,300,300,1,73.21428571428571
77,250,300,300,2,87.5
77,250,300,300,3,87.5
78,10,20,20,1,40.35714285714286
78,10,20,20,2,48.92857142857142
78,10,20,20,3,48.92857142857142
78,20,30,30,1,43.92857142857143
78,20,30,30,2,55.00000000000001
78,20,30,30,3,55.00000000000001
78,30,50,50,1,54.64285714285714
78,30,50,50,2,64.64285714285715
78,30,50,50,3,64.64285714285715
78,50,100,100,1,48.214285714285715
78,50,100,100,2,61.42857142857143
78,50,100,100,3,61.42857142857143
78,100,150,150,1,58.92857142857143
78,100,150,150,2,72.85714285714285
78,100,150,150,3,72.85714285714285
78,150,200,200,1,68.92857142857143
78,150,200,200,2,81.07142857142857
78,150,200,200,3,81.07142857142857
78,200,250,250,1,72.5
78,200,250,250,2,81.07142857142857
78,200,250,250,3,81.07142857142857
78,250,300,300,1,74.28571428571429
78,250,300,300,2,85.0
78,250,300,300,3,85.0
79,10,20,20,1,37.142857142857146
79,10,20,20,2,47.14285714285714
79,10,20,20,3,47.14285714285714
79,20,30,30,1,52.85714285714286
79,20,30,30,2,63.57142857142857
79,20,30,30,3,63.57142857142857
79,30,50,50,1,49.28571428571429
79,30,50,50,2,60.357142857142854
79,30,50,50,3,60.357142857142854
79,50,100,100,1,48.57142857142857
79,50,100,100,2,62.5
79,50,100,100,3,62.5
79,100,150,150,1,58.92857142857143
79,100,150,150,2,72.14285714285714
79,100,150,150,3,72.14285714285714
79,150,200,200,1,61.07142857142858
79,150,200,200,2,75.71428571428571
79,150,200,200,3,75.71428571428571
79,200,250,250,1,71.78571428571429
79,200,250,250,2,81.78571428571428
79,200,250,250,3,81.78571428571428
79,250,300,300,1,70.35714285714286
79,250,300,300,2,83.21428571428572
79,250,300,300,3,83.21428571428572
80,10,20,20,1,35.0
80,10,20,20,2,46.07142857142857
80,10,20,20,3,46.07142857142857
80,20,30,30,1,47.85714285714286
80,20,30,30,2,55.714285714285715
80,20,30,30,3,55.714285714285715
80,30,50,50,1,46.07142857142857
80,30,50,50,2,57.49999999999999
80,30,50,50,3,57.49999999999999
80,50,100,100,1,38.92857142857143
80,50,100,100,2,58.57142857142858
80,50,100,100,3,58.57142857142858
80,100,150,150,1,54.285714285714285
80,100,150,150,2,71.07142857142857
80,100,150,150,3,71.07142857142857
80,150,200,200,1,66.07142857142857
80,150,200,200,2,77.14285714285715
80,150,200,200,3,77.14285714285715
80,200,250,250,1,70.71428571428572
80,200,250,250,2,81.42857142857143
80,200,250,250,3,81.42857142857143
80,250,300,300,1,71.42857142857143
80,250,300,300,2,82.5
80,250,300,300,3,82.5
81,10,20,20,1,36.42857142857142
81,10,20,20,2,43.92857142857143
81,10,20,20,3,43.92857142857143
81,20,30,30,1,50.357142857142854
81,20,30,30,2,60.357142857142854
81,20,30,30,3,60.357142857142854
81,30,50,50,1,49.28571428571429
81,30,50,50,2,61.07142857142858
81,30,50,50,3,61.07142857142858
81,50,100,100,1,42.857142857142854
81,50,100,100,2,60.357142857142854
81,50,100,100,3,60.357142857142854
81,100,150,150,1,54.285714285714285
81,100,150,150,2,70.35714285714286
81,100,150,150,3,70.35714285714286
81,150,200,200,1,66.78571428571428
81,150,200,200,2,77.14285714285715
81,150,200,200,3,77.14285714285715
81,200,250,250,1,73.92857142857143
81,200,250,250,2,81.78571428571428
81,200,250,250,3,81.78571428571428
81,250,300,300,1,74.28571428571429
81,250,300,300,2,82.85714285714286
81,250,300,300,3,82.85714285714286
82,10,20,20,1,37.857142857142854
82,10,20,20,2,48.92857142857142
82,10,20,20,3,48.92857142857142
82,20,30,30,1,45.714285714285715
82,20,30,30,2,58.214285714285715
82,20,30,30,3,58.214285714285715
82,30,50,50,1,47.5
82,30,50,50,2,58.92857142857143
82,30,50,50,3,58.92857142857143
82,50,100,100,1,46.42857142857143
82,50,100,100,2,60.357142857142854
82,50,100,100,3,60.357142857142854
82,100,150,150,1,62.857142857142854
82,100,150,150,2,74.64285714285714
82,100,150,150,3,74.64285714285714
82,150,200,200,1,65.0
82,150,200,200,2,73.92857142857143
82,150,200,200,3,73.92857142857143
82,200,250,250,1,75.71428571428571
82,200,250,250,2,83.57142857142857
82,200,250,250,3,83.57142857142857
82,250,300,300,1,75.71428571428571
82,250,300,300,2,85.0
82,250,300,300,3,85.0
83,10,20,20,1,37.5
83,10,20,20,2,48.57142857142857
83,10,20,20,3,48.57142857142857
83,20,30,30,1,49.642857142857146
83,20,30,30,2,56.785714285714285
83,20,30,30,3,56.785714285714285
83,30,50,50,1,47.5
83,30,50,50,2,57.85714285714286
83,30,50,50,3,57.85714285714286
83,50,100,100,1,44.285714285714285
83,50,100,100,2,61.07142857142858
83,50,100,100,3,61.07142857142858
83,100,150,150,1,61.42857142857143
83,100,150,150,2,74.64285714285714
83,100,150,150,3,74.64285714285714
83,150,200,200,1,64.64285714285715
83,150,200,200,2,78.57142857142857
83,150,200,200,3,78.57142857142857
83,200,250,250,1,73.21428571428571
83,200,250,250,2,83.92857142857143
83,200,250,250,3,83.92857142857143
83,250,300,300,1,73.21428571428571
83,250,300,300,2,84.28571428571429
83,250,300,300,3,84.28571428571429
84,10,20,20,1,33.92857142857143
84,10,20,20,2,41.42857142857143
84,10,20,20,3,41.42857142857143
84,20,30,30,1,50.0
84,20,30,30,2,57.49999999999999
84,20,30,30,3,57.49999999999999
84,30,50,50,1,49.642857142857146
84,30,50,50,2,59.64285714285714
84,30,50,50,3,59.64285714285714
84,50,100,100,1,48.92857142857142
84,50,100,100,2,66.07142857142857
84,50,100,100,3,66.07142857142857
84,100,150,150,1,59.285714285714285
84,100,150,150,2,78.21428571428571
84,100,150,150,3,78.21428571428571
84,150,200,200,1,66.42857142857143
84,150,200,200,2,78.21428571428571
84,150,200,200,3,78.21428571428571
84,200,250,250,1,70.0
84,200,250,250,2,76.78571428571429
84,200,250,250,3,76.78571428571429
84,250,300,300,1,76.42857142857142
84,250,300,300,2,85.35714285714285
84,250,300,300,3,85.35714285714285
85,10,20,20,1,37.142857142857146
85,10,20,20,2,49.642857142857146
85,10,20,20,3,49.642857142857146
85,20,30,30,1,48.92857142857142
85,20,30,30,2,59.64285714285714
85,20,30,30,3,59.64285714285714
85,30,50,50,1,44.642857142857146
85,30,50,50,2,60.357142857142854
85,30,50,50,3,60.357142857142854
85,50,100,100,1,42.142857142857146
85,50,100,100,2,56.785714285714285
85,50,100,100,3,56.785714285714285
85,100,150,150,1,62.857142857142854
85,100,150,150,2,76.78571428571429
85,100,150,150,3,76.78571428571429
85,150,200,200,1,64.64285714285715
85,150,200,200,2,77.5
85,150,200,200,3,77.5
85,200,250,250,1,72.14285714285714
85,200,250,250,2,80.71428571428572
85,200,250,250,3,80.71428571428572
85,250,300,300,1,74.28571428571429
85,250,300,300,2,83.92857142857143
85,250,300,300,3,83.92857142857143
86,10,20,20,1,39.64285714285714
86,10,20,20,2,48.92857142857142
86,10,20,20,3,48.92857142857142
86,20,30,30,1,51.07142857142857
86,20,30,30,2,61.07142857142858
86,20,30,30,3,61.07142857142858
86,30,50,50,1,46.42857142857143
86,30,50,50,2,58.214285714285715
86,30,50,50,3,58.214285714285715
86,50,100,100,1,46.785714285714285
86,50,100,100,2,59.64285714285714
86,50,100,100,3,59.64285714285714
86,100,150,150,1,61.42857142857143
86,100,150,150,2,73.57142857142858
86,100,150,150,3,73.57142857142858
86,150,200,200,1,61.78571428571429
86,150,200,200,2,78.57142857142857
86,150,200,200,3,78.57142857142857
86,200,250,250,1,71.42857142857143
86,200,250,250,2,86.07142857142858
86,200,250,250,3,86.07142857142858
86,250,300,300,1,75.71428571428571
86,250,300,300,2,85.0
86,250,300,300,3,85.0
87,10,20,20,1,37.142857142857146
87,10,20,20,2,47.5
87,10,20,20,3,47.5
87,20,30,30,1,50.71428571428571
87,20,30,30,2,57.14285714285714
87,20,30,30,3,57.14285714285714
87,30,50,50,1,50.71428571428571
87,30,50,50,2,61.07142857142858
87,30,50,50,3,61.07142857142858
87,50,100,100,1,50.0
87,50,100,100,2,66.07142857142857
87,50,100,100,3,66.07142857142857
87,100,150,150,1,63.92857142857142
87,100,150,150,2,76.07142857142857
87,100,150,150,3,76.07142857142857
87,150,200,200,1,70.71428571428572
87,150,200,200,2,80.71428571428572
87,150,200,200,3,80.71428571428572
87,200,250,250,1,70.71428571428572
87,200,250,250,2,84.64285714285714
87,200,250,250,3,84.64285714285714
87,250,300,300,1,74.28571428571429
87,250,300,300,2,88.21428571428571
87,250,300,300,3,88.21428571428571
88,10,20,20,1,37.142857142857146
88,10,20,20,2,48.57142857142857
88,10,20,20,3,48.57142857142857
88,20,30,30,1,51.07142857142857
88,20,30,30,2,61.07142857142858
88,20,30,30,3,61.07142857142858
88,30,50,50,1,50.71428571428571
88,30,50,50,2,63.92857142857142
88,30,50,50,3,63.92857142857142
88,50,100,100,1,50.71428571428571
88,50,100,100,2,64.28571428571429
88,50,100,100,3,64.28571428571429
88,100,150,150,1,58.92857142857143
88,100,150,150,2,75.0
88,100,150,150,3,75.0
88,150,200,200,1,66.78571428571428
88,150,200,200,2,77.5
88,150,200,200,3,77.5
88,200,250,250,1,73.92857142857143
88,200,250,250,2,82.14285714285714
88,200,250,250,3,82.14285714285714
88,250,300,300,1,73.57142857142858
88,250,300,300,2,81.78571428571428
88,250,300,300,3,81.78571428571428
89,10,20,20,1,38.21428571428571
89,10,20,20,2,48.92857142857142
89,10,20,20,3,48.92857142857142
89,20,30,30,1,50.0
89,20,30,30,2,58.92857142857143
89,20,30,30,3,58.92857142857143
89,30,50,50,1,50.0
89,30,50,50,2,64.28571428571429
89,30,50,50,3,64.28571428571429
89,50,100,100,1,47.85714285714286
89,50,100,100,2,65.71428571428571
89,50,100,100,3,65.71428571428571
89,100,150,150,1,60.71428571428571
89,100,150,150,2,72.85714285714285
89,100,150,150,3,72.85714285714285
89,150,200,200,1,68.21428571428572
89,150,200,200,2,79.64285714285714
89,150,200,200,3,79.64285714285714
89,200,250,250,1,69.64285714285714
89,200,250,250,2,81.78571428571428
89,200,250,250,3,81.78571428571428
89,250,300,300,1,75.71428571428571
89,250,300,300,2,85.35714285714285
89,250,300,300,3,85.35714285714285
90,10,20,20,1,31.785714285714285
90,10,20,20,2,43.92857142857143
90,10,20,20,3,43.92857142857143
90,20,30,30,1,56.785714285714285
90,20,30,30,2,67.14285714285714
90,20,30,30,3,67.14285714285714
90,30,50,50,1,52.5
90,30,50,50,2,62.5
90,30,50,50,3,62.5
90,50,100,100,1,46.42857142857143
90,50,100,100,2,58.92857142857143
90,50,100,100,3,58.92857142857143
90,100,150,150,1,56.42857142857143
90,100,150,150,2,71.78571428571429
90,100,150,150,3,71.78571428571429
90,150,200,200,1,66.07142857142857
90,150,200,200,2,78.57142857142857
90,150,200,200,3,78.57142857142857
90,200,250,250,1,74.28571428571429
90,200,250,250,2,80.71428571428572
90,200,250,250,3,80.71428571428572
90,250,300,300,1,77.14285714285715
90,250,300,300,2,83.57142857142857
90,250,300,300,3,83.57142857142857
91,10,20,20,1,38.21428571428571
91,10,20,20,2,48.214285714285715
91,10,20,20,3,48.214285714285715
91,20,30,30,1,52.5
91,20,30,30,2,61.07142857142858
91,20,30,30,3,61.07142857142858
91,30,50,50,1,45.714285714285715
91,30,50,50,2,58.214285714285715
91,30,50,50,3,58.214285714285715
91,50,100,100,1,45.0
91,50,100,100,2,60.0
91,50,100,100,3,60.0
91,100,150,150,1,60.0
91,100,150,150,2,74.28571428571429
91,100,150,150,3,74.28571428571429
91,150,200,200,1,68.92857142857143
91,150,200,200,2,77.85714285714286
91,150,200,200,3,77.85714285714286
91,200,250,250,1,75.35714285714286
91,200,250,250,2,86.42857142857143
91,200,250,250,3,86.42857142857143
91,250,300,300,1,75.71428571428571
91,250,300,300,2,85.71428571428571
91,250,300,300,3,85.71428571428571
92,10,20,20,1,31.785714285714285
92,10,20,20,2,43.92857142857143
92,10,20,20,3,43.92857142857143
92,20,30,30,1,48.57142857142857
92,20,30,30,2,56.42857142857143
92,20,30,30,3,56.42857142857143
92,30,50,50,1,53.57142857142857
92,30,50,50,2,67.14285714285714
92,30,50,50,3,67.14285714285714
92,50,100,100,1,48.214285714285715
92,50,100,100,2,61.07142857142858
92,50,100,100,3,61.07142857142858
92,100,150,150,1,58.214285714285715
92,100,150,150,2,75.0
92,100,150,150,3,75.0
92,150,200,200,1,67.14285714285714
92,150,200,200,2,78.21428571428571
92,150,200,200,3,78.21428571428571
92,200,250,250,1,71.42857142857143
92,200,250,250,2,83.21428571428572
92,200,250,250,3,83.21428571428572
92,250,300,300,1,76.78571428571429
92,250,300,300,2,86.07142857142858
92,250,300,300,3,86.07142857142858
93,10,20,20,1,32.857142857142854
93,10,20,20,2,42.857142857142854
93,10,20,20,3,42.857142857142854
93,20,30,30,1,49.642857142857146
93,20,30,30,2,60.357142857142854
93,20,30,30,3,60.357142857142854
93,30,50,50,1,47.85714285714286
93,30,50,50,2,59.64285714285714
93,30,50,50,3,59.64285714285714
93,50,100,100,1,48.57142857142857
93,50,100,100,2,63.92857142857142
93,50,100,100,3,63.92857142857142
93,100,150,150,1,61.42857142857143
93,100,150,150,2,72.85714285714285
93,100,150,150,3,72.85714285714285
93,150,200,200,1,69.64285714285714
93,150,200,200,2,81.07142857142857
93,150,200,200,3,81.07142857142857
93,200,250,250,1,70.71428571428572
93,200,250,250,2,80.71428571428572
93,200,250,250,3,80.71428571428572
93,250,300,300,1,72.14285714285714
93,250,300,300,2,85.0
93,250,300,300,3,85.0
94,10,20,20,1,41.07142857142857
94,10,20,20,2,51.07142857142857
94,10,20,20,3,51.07142857142857
94,20,30,30,1,53.92857142857142
94,20,30,30,2,66.07142857142857
94,20,30,30,3,66.07142857142857
94,30,50,50,1,44.285714285714285
94,30,50,50,2,58.214285714285715
94,30,50,50,3,58.214285714285715
94,50,100,100,1,45.714285714285715
94,50,100,100,2,60.0
94,50,100,100,3,60.0
94,100,150,150,1,60.0
94,100,150,150,2,75.0
94,100,150,150,3,75.0
94,150,200,200,1,68.92857142857143
94,150,200,200,2,79.28571428571428
94,150,200,200,3,79.28571428571428
94,200,250,250,1,75.35714285714286
94,200,250,250,2,87.14285714285714
94,200,250,250,3,87.14285714285714
94,250,300,300,1,76.78571428571429
94,250,300,300,2,87.85714285714286
94,250,300,300,3,87.85714285714286
95,10,20,20,1,36.78571428571429
95,10,20,20,2,49.642857142857146
95,10,20,20,3,49.642857142857146
95,20,30,30,1,50.71428571428571
95,20,30,30,2,60.357142857142854
95,20,30,30,3,60.357142857142854
95,30,50,50,1,53.92857142857142
95,30,50,50,2,63.57142857142857
95,30,50,50,3,63.57142857142857
95,50,100,100,1,46.42857142857143
95,50,100,100,2,62.857142857142854
95,50,100,100,3,62.857142857142854
95,100,150,150,1,61.42857142857143
95,100,150,150,2,75.35714285714286
95,100,150,150,3,75.35714285714286
95,150,200,200,1,67.14285714285714
95,150,200,200,2,79.64285714285714
95,150,200,200,3,79.64285714285714
95,200,250,250,1,68.92857142857143
95,200,250,250,2,82.14285714285714
95,200,250,250,3,82.14285714285714
95,250,300,300,1,74.64285714285714
95,250,300,300,2,87.14285714285714
95,250,300,300,3,87.14285714285714
96,10,20,20,1,37.5
96,10,20,20,2,45.0
96,10,20,20,3,45.0
96,20,30,30,1,50.71428571428571
96,20,30,30,2,57.14285714285714
96,20,30,30,3,57.14285714285714
96,30,50,50,1,53.57142857142857
96,30,50,50,2,65.0
96,30,50,50,3,65.0
96,50,100,100,1,46.785714285714285
96,50,100,100,2,59.64285714285714
96,50,100,100,3,59.64285714285714
96,100,150,150,1,62.142857142857146
96,100,150,150,2,76.07142857142857
96,100,150,150,3,76.07142857142857
96,150,200,200,1,61.78571428571429
96,150,200,200,2,79.64285714285714
96,150,200,200,3,79.64285714285714
96,200,250,250,1,67.5
96,200,250,250,2,81.07142857142857
96,200,250,250,3,81.07142857142857
96,250,300,300,1,77.85714285714286
96,250,300,300,2,88.57142857142857
96,250,300,300,3,88.57142857142857
97,10,20,20,1,27.857142857142858
97,10,20,20,2,40.714285714285715
97,10,20,20,3,40.714285714285715
97,20,30,30,1,49.642857142857146
97,20,30,30,2,62.857142857142854
97,20,30,30,3,62.857142857142854
97,30,50,50,1,46.42857142857143
97,30,50,50,2,61.78571428571429
97,30,50,50,3,61.78571428571429
97,50,100,100,1,47.14285714285714
97,50,100,100,2,58.92857142857143
97,50,100,100,3,58.92857142857143
97,100,150,150,1,60.71428571428571
97,100,150,150,2,72.5
97,100,150,150,3,72.5
97,150,200,200,1,65.71428571428571
97,150,200,200,2,79.64285714285714
97,150,200,200,3,79.64285714285714
97,200,250,250,1,68.21428571428572
97,200,250,250,2,78.92857142857143
97,200,250,250,3,78.92857142857143
97,250,300,300,1,77.14285714285715
97,250,300,300,2,85.0
97,250,300,300,3,85.0
98,10,20,20,1,42.142857142857146
98,10,20,20,2,52.142857142857146
98,10,20,20,3,52.142857142857146
98,20,30,30,1,50.0
98,20,30,30,2,59.285714285714285
98,20,30,30,3,59.285714285714285
98,30,50,50,1,48.92857142857142
98,30,50,50,2,62.857142857142854
98,30,50,50,3,62.857142857142854
98,50,100,100,1,52.5
98,50,100,100,2,65.71428571428571
98,50,100,100,3,65.71428571428571
98,100,150,150,1,58.57142857142858
98,100,150,150,2,70.35714285714286
98,100,150,150,3,70.35714285714286
98,150,200,200,1,61.78571428571429
98,150,200,200,2,73.21428571428571
98,150,200,200,3,73.21428571428571
98,200,250,250,1,70.71428571428572
98,200,250,250,2,78.57142857142857
98,200,250,250,3,78.57142857142857
98,250,300,300,1,73.92857142857143
98,250,300,300,2,80.0
98,250,300,300,3,80.0
99,10,20,20,1,36.78571428571429
99,10,20,20,2,46.07142857142857
99,10,20,20,3,46.07142857142857
99,20,30,30,1,50.357142857142854
99,20,30,30,2,62.142857142857146
99,20,30,30,3,62.142857142857146
99,30,50,50,1,47.5
99,30,50,50,2,60.71428571428571
99,30,50,50,3,60.71428571428571
99,50,100,100,1,42.142857142857146
99,50,100,100,2,56.07142857142857
99,50,100,100,3,56.07142857142857
99,100,150,150,1,55.35714285714286
99,100,150,150,2,71.07142857142857
99,100,150,150,3,71.07142857142857
99,150,200,200,1,62.5
99,150,200,200,2,76.78571428571429
99,150,200,200,3,76.78571428571429
99,200,250,250,1,73.21428571428571
99,200,250,250,2,84.64285714285714
99,200,250,250,3,84.64285714285714
99,250,300,300,1,70.35714285714286
99,250,300,300,2,83.21428571428572
99,250,300,300,3,83.21428571428572
